indicator,period,value,unit,original_publisher,source_url,retrieved,quality,verified,note
iranian_students_abroad_stock,2000,17442,persons,"IMOBS (Iran Migration Observatory, Sharif) via Factnameh fact-check",https://factnameh.com/fa/fact-checks/2023-08-11-iran-reverse-brain-drain,2026-10-01,press/secondary,false,"Matches UNESCO UIS 2000 value (17,447 in current vintage); series is the UIS outbound count"
iranian_students_abroad_stock,2020,66701,persons,IMOBS via Factnameh,https://factnameh.com/fa/fact-checks/2023-08-11-iran-reverse-brain-drain,2026-10-01,press/secondary,false,"Current UIS vintage gives 69,404 for 2020 (revision)"
avg_annual_increase_students_abroad,2000-2020,2463,persons/year,IMOBS via Factnameh,https://factnameh.com/fa/fact-checks/2023-08-11-iran-reverse-brain-drain,2026-10-01,press/secondary,false,"(66,701-17,442)/20"
naturalisations_us_ca_uk_eu,approx 2011-2020 (10-yr avg),27000,persons/year,IMOBS Migration Yearbook 1401 p.95 via Factnameh,https://factnameh.com/fa/fact-checks/2023-08-11-iran-reverse-brain-drain,2026-10-01,press/secondary,false,"All citizens, not only graduates"
residence_permits_oecd_destinations,approx 2011-2020 (10-yr avg),86000,persons/year,IMOBS Migration Yearbook 1401 via Factnameh,https://factnameh.com/fa/fact-checks/2023-08-11-iran-reverse-brain-drain,2026-10-01,press/secondary,false,"Permanent or temporary permits; US, CA, 31 EU, UK, AU, TR, other OECD; all persons"
returnees_under_elite_return_scheme,1393-1400 (avg),336,persons/year,Vice-Presidency for Science & Technology via Factnameh,https://factnameh.com/fa/fact-checks/2023-08-11-iran-reverse-brain-drain,2026-10-01,press/secondary,false,"Factnameh derived average; the government cited about 3,000 cumulative by Mordad 1402"
returnees_elite_scheme_cumulative_claim,to 1402-05,3000,persons,Vice-Presidency S&T via Fars (cited by Factnameh),https://factnameh.com/fa/fact-checks/2023-08-11-iran-reverse-brain-drain,2026-10-01,press/secondary,false,Government claim; Factnameh rates it plausible but unscaled against outflow
share_foreign_students_in_US_intending_to_stay,2010,85,percent,US NSF via IMOBS via Factnameh,https://factnameh.com/fa/fact-checks/2023-08-11-iran-reverse-brain-drain,2026-10-01,press/secondary,false,Iranian doctorates in US; stay intention
share_foreign_students_in_US_intending_to_stay,2020,92.5,percent,US NSF via IMOBS via Factnameh,https://factnameh.com/fa/fact-checks/2023-08-11-iran-reverse-brain-drain,2026-10-01,press/secondary,false,
students_abroad_share_female,2023,46.4,percent,"UNESCO UIS (computed 46,051/99,161)",https://api.uis.unesco.org/api/public/data/indicators?indicator=OE.5T8.40510.F&geoUnit=IRN,2026-10-01,official-international,true,Computed in this repo from outbound_students.csv
students_abroad_growth_factor,2000-2023,5.7,ratio,"UNESCO UIS (computed 99,161/17,442)",https://api.uis.unesco.org/api/public/data/indicators?indicator=OE.5T8.40510&geoUnit=IRN,2026-10-01,official-international,true,"Computed; UIS 2000 vintage 17,442"
students_abroad_growth_2019_2023,2019-2023,64,percent,"UNESCO UIS (computed 60,442 to 99,161)",https://api.uis.unesco.org/api/public/data/indicators?indicator=OE.5T8.40510&geoUnit=IRN,2026-10-01,official-international,true,Computed
olympiad_medallists_resident_abroad,1380-1391 cohort,37,percent,IMOBS via Hamshahri/Mehr coverage (search snippet),https://www.hamshahrionline.ir/news/625109,2026-10-01,press/secondary,false,"About 2,765 medallists, over 1,000 abroad; also 25% of Bonyad Melli Nokhbegan and 15% of top-1000 konkur ranks abroad. Not opened in full; confirm in the Yearbook"
nokhbegan_foundation_members_resident_abroad,as reported,25,percent,IMOBS via press (search snippet),https://www.hamshahrionline.ir/news/625109,2026-10-01,press/secondary,false,as above
top1000_konkur_ranks_resident_abroad,as reported,15,percent,IMOBS via press (search snippet),https://www.hamshahrionline.ir/news/625109,2026-10-01,press/secondary,false,as above
students_leaving_1378_1396_share,1378-1396,2,percent,Bonyad Melli Nokhbegan via IRNA via Khabaronline,https://www.khabaronline.ir/news/1341779,2026-10-01,press/secondary,false,"2% of all students left in 18 years; over 50,000 students abroad by 2016"
graduates_applying_to_lift_service_obligation,approx 6 years,350000,persons,IMOBS (as cited in English-language press snippet),,2026-10-01,press/secondary,false,Source article not opened; treat as lead only
desire_to_emigrate_top_universities,survey,65,percent (range 60-70),IMOBS-cited surveys (search snippet),,2026-10-01,press/secondary,false,"Intention, not behaviour; lead only"
tertiary_educated_iranians_in_oecd_share,1999,25,percent,IMF 1999 via Migration Policy Institute (search snippet),https://www.migrationpolicy.org/article/iran-brain-drain-emigration,2026-10-01,press/secondary,false,migrationpolicy.org blocked automated fetch; old figure
oecd_dioc_iran_born_tertiary_stock,2020/21,,persons,OECD DIOC,https://www.oecd.org/en/data/datasets/database-on-immigrants-in-oecd-and-non-oecd-countries.html,2026-10-01,not-retrieved,false,"NOT RETRIEVED. DIOC extract must be fetched by hand (OECD.Stat/Data Explorer, birth country = Iran, education = tertiary)"
