indicator,uis_code,sex,year,value,unit_note,qualifier,source_url,retrieved,quality,verified,note
mobile_outbound_gross_enrolment_ratio,MOGER.5T8.40510,both,1998,0.284,% (outbound students / tertiary-age population),UIS_EST,https://api.uis.unesco.org/api/public/data/indicators?indicator=MOGER.5T8.40510&geoUnit=IRN&start=1998&end=2026&version=20260507-91260335,2026-10-01,official-international (UNESCO UIS estimate),true,
mobile_outbound_gross_enrolment_ratio,MOGER.5T8.40510,both,1999,0.2584,% (outbound students / tertiary-age population),UIS_EST,https://api.uis.unesco.org/api/public/data/indicators?indicator=MOGER.5T8.40510&geoUnit=IRN&start=1998&end=2026&version=20260507-91260335,2026-10-01,official-international (UNESCO UIS estimate),true,
mobile_outbound_gross_enrolment_ratio,MOGER.5T8.40510,both,2000,0.2332,% (outbound students / tertiary-age population),UIS_EST,https://api.uis.unesco.org/api/public/data/indicators?indicator=MOGER.5T8.40510&geoUnit=IRN&start=1998&end=2026&version=20260507-91260335,2026-10-01,official-international (UNESCO UIS estimate),true,
mobile_outbound_gross_enrolment_ratio,MOGER.5T8.40510,both,2001,0.2176,% (outbound students / tertiary-age population),UIS_EST,https://api.uis.unesco.org/api/public/data/indicators?indicator=MOGER.5T8.40510&geoUnit=IRN&start=1998&end=2026&version=20260507-91260335,2026-10-01,official-international (UNESCO UIS estimate),true,
mobile_outbound_gross_enrolment_ratio,MOGER.5T8.40510,both,2002,0.2102,% (outbound students / tertiary-age population),UIS_EST,https://api.uis.unesco.org/api/public/data/indicators?indicator=MOGER.5T8.40510&geoUnit=IRN&start=1998&end=2026&version=20260507-91260335,2026-10-01,official-international (UNESCO UIS estimate),true,
mobile_outbound_gross_enrolment_ratio,MOGER.5T8.40510,both,2003,0.2181,% (outbound students / tertiary-age population),UIS_EST,https://api.uis.unesco.org/api/public/data/indicators?indicator=MOGER.5T8.40510&geoUnit=IRN&start=1998&end=2026&version=20260507-91260335,2026-10-01,official-international (UNESCO UIS estimate),true,
mobile_outbound_gross_enrolment_ratio,MOGER.5T8.40510,both,2004,0.2279,% (outbound students / tertiary-age population),UIS_EST,https://api.uis.unesco.org/api/public/data/indicators?indicator=MOGER.5T8.40510&geoUnit=IRN&start=1998&end=2026&version=20260507-91260335,2026-10-01,official-international (UNESCO UIS estimate),true,
mobile_outbound_gross_enrolment_ratio,MOGER.5T8.40510,both,2005,0.2483,% (outbound students / tertiary-age population),UIS_EST,https://api.uis.unesco.org/api/public/data/indicators?indicator=MOGER.5T8.40510&geoUnit=IRN&start=1998&end=2026&version=20260507-91260335,2026-10-01,official-international (UNESCO UIS estimate),true,
mobile_outbound_gross_enrolment_ratio,MOGER.5T8.40510,both,2006,0.264,% (outbound students / tertiary-age population),UIS_EST,https://api.uis.unesco.org/api/public/data/indicators?indicator=MOGER.5T8.40510&geoUnit=IRN&start=1998&end=2026&version=20260507-91260335,2026-10-01,official-international (UNESCO UIS estimate),true,
mobile_outbound_gross_enrolment_ratio,MOGER.5T8.40510,both,2007,0.31,% (outbound students / tertiary-age population),UIS_EST,https://api.uis.unesco.org/api/public/data/indicators?indicator=MOGER.5T8.40510&geoUnit=IRN&start=1998&end=2026&version=20260507-91260335,2026-10-01,official-international (UNESCO UIS estimate),true,
mobile_outbound_gross_enrolment_ratio,MOGER.5T8.40510,both,2008,0.3537,% (outbound students / tertiary-age population),UIS_EST,https://api.uis.unesco.org/api/public/data/indicators?indicator=MOGER.5T8.40510&geoUnit=IRN&start=1998&end=2026&version=20260507-91260335,2026-10-01,official-international (UNESCO UIS estimate),true,
mobile_outbound_gross_enrolment_ratio,MOGER.5T8.40510,both,2009,0.4324,% (outbound students / tertiary-age population),UIS_EST,https://api.uis.unesco.org/api/public/data/indicators?indicator=MOGER.5T8.40510&geoUnit=IRN&start=1998&end=2026&version=20260507-91260335,2026-10-01,official-international (UNESCO UIS estimate),true,
mobile_outbound_gross_enrolment_ratio,MOGER.5T8.40510,both,2010,0.4994,% (outbound students / tertiary-age population),UIS_EST,https://api.uis.unesco.org/api/public/data/indicators?indicator=MOGER.5T8.40510&geoUnit=IRN&start=1998&end=2026&version=20260507-91260335,2026-10-01,official-international (UNESCO UIS estimate),true,
mobile_outbound_gross_enrolment_ratio,MOGER.5T8.40510,both,2011,0.592,% (outbound students / tertiary-age population),UIS_EST,https://api.uis.unesco.org/api/public/data/indicators?indicator=MOGER.5T8.40510&geoUnit=IRN&start=1998&end=2026&version=20260507-91260335,2026-10-01,official-international (UNESCO UIS estimate),true,
mobile_outbound_gross_enrolment_ratio,MOGER.5T8.40510,both,2012,0.6343,% (outbound students / tertiary-age population),UIS_EST,https://api.uis.unesco.org/api/public/data/indicators?indicator=MOGER.5T8.40510&geoUnit=IRN&start=1998&end=2026&version=20260507-91260335,2026-10-01,official-international (UNESCO UIS estimate),true,
mobile_outbound_gross_enrolment_ratio,MOGER.5T8.40510,both,2013,0.6393,% (outbound students / tertiary-age population),UIS_EST,https://api.uis.unesco.org/api/public/data/indicators?indicator=MOGER.5T8.40510&geoUnit=IRN&start=1998&end=2026&version=20260507-91260335,2026-10-01,official-international (UNESCO UIS estimate),true,
mobile_outbound_gross_enrolment_ratio,MOGER.5T8.40510,both,2014,0.7086,% (outbound students / tertiary-age population),UIS_EST,https://api.uis.unesco.org/api/public/data/indicators?indicator=MOGER.5T8.40510&geoUnit=IRN&start=1998&end=2026&version=20260507-91260335,2026-10-01,official-international (UNESCO UIS estimate),true,
mobile_outbound_gross_enrolment_ratio,MOGER.5T8.40510,both,2015,0.7631,% (outbound students / tertiary-age population),,https://api.uis.unesco.org/api/public/data/indicators?indicator=MOGER.5T8.40510&geoUnit=IRN&start=1998&end=2026&version=20260507-91260335,2026-10-01,official-international (UNESCO UIS estimate),true,
mobile_outbound_gross_enrolment_ratio,MOGER.5T8.40510,both,2016,0.8364,% (outbound students / tertiary-age population),,https://api.uis.unesco.org/api/public/data/indicators?indicator=MOGER.5T8.40510&geoUnit=IRN&start=1998&end=2026&version=20260507-91260335,2026-10-01,official-international (UNESCO UIS estimate),true,
mobile_outbound_gross_enrolment_ratio,MOGER.5T8.40510,both,2017,0.8792,% (outbound students / tertiary-age population),,https://api.uis.unesco.org/api/public/data/indicators?indicator=MOGER.5T8.40510&geoUnit=IRN&start=1998&end=2026&version=20260507-91260335,2026-10-01,official-international (UNESCO UIS estimate),true,
mobile_outbound_gross_enrolment_ratio,MOGER.5T8.40510,both,2018,0.9703,% (outbound students / tertiary-age population),,https://api.uis.unesco.org/api/public/data/indicators?indicator=MOGER.5T8.40510&geoUnit=IRN&start=1998&end=2026&version=20260507-91260335,2026-10-01,official-international (UNESCO UIS estimate),true,
mobile_outbound_gross_enrolment_ratio,MOGER.5T8.40510,both,2019,1.0413,% (outbound students / tertiary-age population),UIS_EST,https://api.uis.unesco.org/api/public/data/indicators?indicator=MOGER.5T8.40510&geoUnit=IRN&start=1998&end=2026&version=20260507-91260335,2026-10-01,official-international (UNESCO UIS estimate),true,
mobile_outbound_gross_enrolment_ratio,MOGER.5T8.40510,both,2020,1.2132,% (outbound students / tertiary-age population),,https://api.uis.unesco.org/api/public/data/indicators?indicator=MOGER.5T8.40510&geoUnit=IRN&start=1998&end=2026&version=20260507-91260335,2026-10-01,official-international (UNESCO UIS estimate),true,
mobile_outbound_gross_enrolment_ratio,MOGER.5T8.40510,both,2021,1.3259,% (outbound students / tertiary-age population),UIS_EST,https://api.uis.unesco.org/api/public/data/indicators?indicator=MOGER.5T8.40510&geoUnit=IRN&start=1998&end=2026&version=20260507-91260335,2026-10-01,official-international (UNESCO UIS estimate),true,
mobile_outbound_gross_enrolment_ratio,MOGER.5T8.40510,both,2022,1.5175,% (outbound students / tertiary-age population),UIS_EST,https://api.uis.unesco.org/api/public/data/indicators?indicator=MOGER.5T8.40510&geoUnit=IRN&start=1998&end=2026&version=20260507-91260335,2026-10-01,official-international (UNESCO UIS estimate),true,
mobile_outbound_gross_enrolment_ratio,MOGER.5T8.40510,both,2023,1.7151,% (outbound students / tertiary-age population),UIS_EST,https://api.uis.unesco.org/api/public/data/indicators?indicator=MOGER.5T8.40510&geoUnit=IRN&start=1998&end=2026&version=20260507-91260335,2026-10-01,official-international (UNESCO UIS estimate),true,
outbound_mobility_ratio,MOR.5T8.40510,both,1999,1.3748,% of Iranian tertiary students enrolled who study abroad,UIS_EST,https://api.uis.unesco.org/api/public/data/indicators?indicator=MOR.5T8.40510&geoUnit=IRN&start=1998&end=2026&version=20260507-91260335,2026-10-01,official-international (UNESCO UIS estimate),true,
outbound_mobility_ratio,MOR.5T8.40510,both,2000,1.2415,% of Iranian tertiary students enrolled who study abroad,UIS_EST,https://api.uis.unesco.org/api/public/data/indicators?indicator=MOR.5T8.40510&geoUnit=IRN&start=1998&end=2026&version=20260507-91260335,2026-10-01,official-international (UNESCO UIS estimate),true,
outbound_mobility_ratio,MOR.5T8.40510,both,2001,1.1163,% of Iranian tertiary students enrolled who study abroad,UIS_EST,https://api.uis.unesco.org/api/public/data/indicators?indicator=MOR.5T8.40510&geoUnit=IRN&start=1998&end=2026&version=20260507-91260335,2026-10-01,official-international (UNESCO UIS estimate),true,
outbound_mobility_ratio,MOR.5T8.40510,both,2002,1.1499,% of Iranian tertiary students enrolled who study abroad,UIS_EST,https://api.uis.unesco.org/api/public/data/indicators?indicator=MOR.5T8.40510&geoUnit=IRN&start=1998&end=2026&version=20260507-91260335,2026-10-01,official-international (UNESCO UIS estimate),true,
outbound_mobility_ratio,MOR.5T8.40510,both,2003,1.1238,% of Iranian tertiary students enrolled who study abroad,UIS_EST,https://api.uis.unesco.org/api/public/data/indicators?indicator=MOR.5T8.40510&geoUnit=IRN&start=1998&end=2026&version=20260507-91260335,2026-10-01,official-international (UNESCO UIS estimate),true,
outbound_mobility_ratio,MOR.5T8.40510,both,2004,1.0662,% of Iranian tertiary students enrolled who study abroad,UIS_EST,https://api.uis.unesco.org/api/public/data/indicators?indicator=MOR.5T8.40510&geoUnit=IRN&start=1998&end=2026&version=20260507-91260335,2026-10-01,official-international (UNESCO UIS estimate),true,
outbound_mobility_ratio,MOR.5T8.40510,both,2005,1.0948,% of Iranian tertiary students enrolled who study abroad,UIS_EST,https://api.uis.unesco.org/api/public/data/indicators?indicator=MOR.5T8.40510&geoUnit=IRN&start=1998&end=2026&version=20260507-91260335,2026-10-01,official-international (UNESCO UIS estimate),true,
outbound_mobility_ratio,MOR.5T8.40510,both,2006,1.0431,% of Iranian tertiary students enrolled who study abroad,UIS_EST,https://api.uis.unesco.org/api/public/data/indicators?indicator=MOR.5T8.40510&geoUnit=IRN&start=1998&end=2026&version=20260507-91260335,2026-10-01,official-international (UNESCO UIS estimate),true,
outbound_mobility_ratio,MOR.5T8.40510,both,2007,1.0395,% of Iranian tertiary students enrolled who study abroad,UIS_EST,https://api.uis.unesco.org/api/public/data/indicators?indicator=MOR.5T8.40510&geoUnit=IRN&start=1998&end=2026&version=20260507-91260335,2026-10-01,official-international (UNESCO UIS estimate),true,
outbound_mobility_ratio,MOR.5T8.40510,both,2008,0.9772,% of Iranian tertiary students enrolled who study abroad,UIS_EST,https://api.uis.unesco.org/api/public/data/indicators?indicator=MOR.5T8.40510&geoUnit=IRN&start=1998&end=2026&version=20260507-91260335,2026-10-01,official-international (UNESCO UIS estimate),true,
outbound_mobility_ratio,MOR.5T8.40510,both,2009,1.1853,% of Iranian tertiary students enrolled who study abroad,UIS_EST,https://api.uis.unesco.org/api/public/data/indicators?indicator=MOR.5T8.40510&geoUnit=IRN&start=1998&end=2026&version=20260507-91260335,2026-10-01,official-international (UNESCO UIS estimate),true,
outbound_mobility_ratio,MOR.5T8.40510,both,2010,1.1736,% of Iranian tertiary students enrolled who study abroad,UIS_EST,https://api.uis.unesco.org/api/public/data/indicators?indicator=MOR.5T8.40510&geoUnit=IRN&start=1998&end=2026&version=20260507-91260335,2026-10-01,official-international (UNESCO UIS estimate),true,
outbound_mobility_ratio,MOR.5T8.40510,both,2011,1.2317,% of Iranian tertiary students enrolled who study abroad,UIS_EST,https://api.uis.unesco.org/api/public/data/indicators?indicator=MOR.5T8.40510&geoUnit=IRN&start=1998&end=2026&version=20260507-91260335,2026-10-01,official-international (UNESCO UIS estimate),true,
outbound_mobility_ratio,MOR.5T8.40510,both,2012,1.1768,% of Iranian tertiary students enrolled who study abroad,UIS_EST,https://api.uis.unesco.org/api/public/data/indicators?indicator=MOR.5T8.40510&geoUnit=IRN&start=1998&end=2026&version=20260507-91260335,2026-10-01,official-international (UNESCO UIS estimate),true,
outbound_mobility_ratio,MOR.5T8.40510,both,2013,1.1322,% of Iranian tertiary students enrolled who study abroad,UIS_EST,https://api.uis.unesco.org/api/public/data/indicators?indicator=MOR.5T8.40510&geoUnit=IRN&start=1998&end=2026&version=20260507-91260335,2026-10-01,official-international (UNESCO UIS estimate),true,
outbound_mobility_ratio,MOR.5T8.40510,both,2014,1.0986,% of Iranian tertiary students enrolled who study abroad,UIS_EST,https://api.uis.unesco.org/api/public/data/indicators?indicator=MOR.5T8.40510&geoUnit=IRN&start=1998&end=2026&version=20260507-91260335,2026-10-01,official-international (UNESCO UIS estimate),true,
outbound_mobility_ratio,MOR.5T8.40510,both,2015,1.0796,% of Iranian tertiary students enrolled who study abroad,,https://api.uis.unesco.org/api/public/data/indicators?indicator=MOR.5T8.40510&geoUnit=IRN&start=1998&end=2026&version=20260507-91260335,2026-10-01,official-international (UNESCO UIS estimate),true,
outbound_mobility_ratio,MOR.5T8.40510,both,2016,1.2316,% of Iranian tertiary students enrolled who study abroad,,https://api.uis.unesco.org/api/public/data/indicators?indicator=MOR.5T8.40510&geoUnit=IRN&start=1998&end=2026&version=20260507-91260335,2026-10-01,official-international (UNESCO UIS estimate),true,
outbound_mobility_ratio,MOR.5T8.40510,both,2017,1.325,% of Iranian tertiary students enrolled who study abroad,,https://api.uis.unesco.org/api/public/data/indicators?indicator=MOR.5T8.40510&geoUnit=IRN&start=1998&end=2026&version=20260507-91260335,2026-10-01,official-international (UNESCO UIS estimate),true,
outbound_mobility_ratio,MOR.5T8.40510,both,2018,1.5943,% of Iranian tertiary students enrolled who study abroad,,https://api.uis.unesco.org/api/public/data/indicators?indicator=MOR.5T8.40510&geoUnit=IRN&start=1998&end=2026&version=20260507-91260335,2026-10-01,official-international (UNESCO UIS estimate),true,
outbound_mobility_ratio,MOR.5T8.40510,both,2019,1.7917,% of Iranian tertiary students enrolled who study abroad,UIS_EST,https://api.uis.unesco.org/api/public/data/indicators?indicator=MOR.5T8.40510&geoUnit=IRN&start=1998&end=2026&version=20260507-91260335,2026-10-01,official-international (UNESCO UIS estimate),true,
outbound_mobility_ratio,MOR.5T8.40510,both,2020,2.1805,% of Iranian tertiary students enrolled who study abroad,,https://api.uis.unesco.org/api/public/data/indicators?indicator=MOR.5T8.40510&geoUnit=IRN&start=1998&end=2026&version=20260507-91260335,2026-10-01,official-international (UNESCO UIS estimate),true,
outbound_mobility_ratio,MOR.5T8.40510,both,2021,2.4425,% of Iranian tertiary students enrolled who study abroad,UIS_EST,https://api.uis.unesco.org/api/public/data/indicators?indicator=MOR.5T8.40510&geoUnit=IRN&start=1998&end=2026&version=20260507-91260335,2026-10-01,official-international (UNESCO UIS estimate),true,
outbound_mobility_ratio,MOR.5T8.40510,both,2022,2.5867,% of Iranian tertiary students enrolled who study abroad,UIS_EST,https://api.uis.unesco.org/api/public/data/indicators?indicator=MOR.5T8.40510&geoUnit=IRN&start=1998&end=2026&version=20260507-91260335,2026-10-01,official-international (UNESCO UIS estimate),true,
outbound_students_dest_north_america_western_europe,OE.5T8.40500,both,1998,11190,number,UIS_EST,https://api.uis.unesco.org/api/public/data/indicators?indicator=OE.5T8.40500&geoUnit=IRN&start=1998&end=2026&version=20260507-91260335,2026-10-01,official-international (UNESCO UIS estimate),true,
outbound_students_dest_north_america_western_europe,OE.5T8.40500,both,1999,11013,number,,https://api.uis.unesco.org/api/public/data/indicators?indicator=OE.5T8.40500&geoUnit=IRN&start=1998&end=2026&version=20260507-91260335,2026-10-01,official-international (UNESCO UIS estimate),true,
outbound_students_dest_north_america_western_europe,OE.5T8.40500,both,2000,10495,number,UIS_EST,https://api.uis.unesco.org/api/public/data/indicators?indicator=OE.5T8.40500&geoUnit=IRN&start=1998&end=2026&version=20260507-91260335,2026-10-01,official-international (UNESCO UIS estimate),true,
outbound_students_dest_north_america_western_europe,OE.5T8.40500,both,2001,10535,number,UIS_EST,https://api.uis.unesco.org/api/public/data/indicators?indicator=OE.5T8.40500&geoUnit=IRN&start=1998&end=2026&version=20260507-91260335,2026-10-01,official-international (UNESCO UIS estimate),true,
outbound_students_dest_north_america_western_europe,OE.5T8.40500,both,2002,10589,number,UIS_EST,https://api.uis.unesco.org/api/public/data/indicators?indicator=OE.5T8.40500&geoUnit=IRN&start=1998&end=2026&version=20260507-91260335,2026-10-01,official-international (UNESCO UIS estimate),true,
outbound_students_dest_north_america_western_europe,OE.5T8.40500,both,2003,11495,number,UIS_EST,https://api.uis.unesco.org/api/public/data/indicators?indicator=OE.5T8.40500&geoUnit=IRN&start=1998&end=2026&version=20260507-91260335,2026-10-01,official-international (UNESCO UIS estimate),true,
outbound_students_dest_north_america_western_europe,OE.5T8.40500,both,2004,11894,number,UIS_EST,https://api.uis.unesco.org/api/public/data/indicators?indicator=OE.5T8.40500&geoUnit=IRN&start=1998&end=2026&version=20260507-91260335,2026-10-01,official-international (UNESCO UIS estimate),true,
outbound_students_dest_north_america_western_europe,OE.5T8.40500,both,2005,13034,number,,https://api.uis.unesco.org/api/public/data/indicators?indicator=OE.5T8.40500&geoUnit=IRN&start=1998&end=2026&version=20260507-91260335,2026-10-01,official-international (UNESCO UIS estimate),true,
outbound_students_dest_north_america_western_europe,OE.5T8.40500,both,2006,13589,number,UIS_EST,https://api.uis.unesco.org/api/public/data/indicators?indicator=OE.5T8.40500&geoUnit=IRN&start=1998&end=2026&version=20260507-91260335,2026-10-01,official-international (UNESCO UIS estimate),true,
outbound_students_dest_north_america_western_europe,OE.5T8.40500,both,2007,15040,number,UIS_EST,https://api.uis.unesco.org/api/public/data/indicators?indicator=OE.5T8.40500&geoUnit=IRN&start=1998&end=2026&version=20260507-91260335,2026-10-01,official-international (UNESCO UIS estimate),true,
outbound_students_dest_north_america_western_europe,OE.5T8.40500,both,2008,16281,number,UIS_EST,https://api.uis.unesco.org/api/public/data/indicators?indicator=OE.5T8.40500&geoUnit=IRN&start=1998&end=2026&version=20260507-91260335,2026-10-01,official-international (UNESCO UIS estimate),true,
outbound_students_dest_north_america_western_europe,OE.5T8.40500,both,2009,18999,number,UIS_EST,https://api.uis.unesco.org/api/public/data/indicators?indicator=OE.5T8.40500&geoUnit=IRN&start=1998&end=2026&version=20260507-91260335,2026-10-01,official-international (UNESCO UIS estimate),true,
outbound_students_dest_north_america_western_europe,OE.5T8.40500,both,2010,22415,number,UIS_EST,https://api.uis.unesco.org/api/public/data/indicators?indicator=OE.5T8.40500&geoUnit=IRN&start=1998&end=2026&version=20260507-91260335,2026-10-01,official-international (UNESCO UIS estimate),true,
outbound_students_dest_north_america_western_europe,OE.5T8.40500,both,2011,26140,number,UIS_EST,https://api.uis.unesco.org/api/public/data/indicators?indicator=OE.5T8.40500&geoUnit=IRN&start=1998&end=2026&version=20260507-91260335,2026-10-01,official-international (UNESCO UIS estimate),true,
outbound_students_dest_north_america_western_europe,OE.5T8.40500,both,2012,28539,number,UIS_EST,https://api.uis.unesco.org/api/public/data/indicators?indicator=OE.5T8.40500&geoUnit=IRN&start=1998&end=2026&version=20260507-91260335,2026-10-01,official-international (UNESCO UIS estimate),true,
outbound_students_dest_north_america_western_europe,OE.5T8.40500,both,2013,29410,number,,https://api.uis.unesco.org/api/public/data/indicators?indicator=OE.5T8.40500&geoUnit=IRN&start=1998&end=2026&version=20260507-91260335,2026-10-01,official-international (UNESCO UIS estimate),true,
outbound_students_dest_north_america_western_europe,OE.5T8.40500,both,2014,30731,number,,https://api.uis.unesco.org/api/public/data/indicators?indicator=OE.5T8.40500&geoUnit=IRN&start=1998&end=2026&version=20260507-91260335,2026-10-01,official-international (UNESCO UIS estimate),true,
outbound_students_dest_north_america_western_europe,OE.5T8.40500,both,2015,30519,number,,https://api.uis.unesco.org/api/public/data/indicators?indicator=OE.5T8.40500&geoUnit=IRN&start=1998&end=2026&version=20260507-91260335,2026-10-01,official-international (UNESCO UIS estimate),true,
outbound_students_dest_north_america_western_europe,OE.5T8.40500,both,2016,32110,number,,https://api.uis.unesco.org/api/public/data/indicators?indicator=OE.5T8.40500&geoUnit=IRN&start=1998&end=2026&version=20260507-91260335,2026-10-01,official-international (UNESCO UIS estimate),true,
outbound_students_dest_north_america_western_europe,OE.5T8.40500,both,2017,33581,number,,https://api.uis.unesco.org/api/public/data/indicators?indicator=OE.5T8.40500&geoUnit=IRN&start=1998&end=2026&version=20260507-91260335,2026-10-01,official-international (UNESCO UIS estimate),true,
outbound_students_dest_north_america_western_europe,OE.5T8.40500,both,2018,35250,number,,https://api.uis.unesco.org/api/public/data/indicators?indicator=OE.5T8.40500&geoUnit=IRN&start=1998&end=2026&version=20260507-91260335,2026-10-01,official-international (UNESCO UIS estimate),true,
outbound_students_dest_north_america_western_europe,OE.5T8.40500,both,2019,34713,number,UIS_EST,https://api.uis.unesco.org/api/public/data/indicators?indicator=OE.5T8.40500&geoUnit=IRN&start=1998&end=2026&version=20260507-91260335,2026-10-01,official-international (UNESCO UIS estimate),true,
outbound_students_dest_north_america_western_europe,OE.5T8.40500,both,2020,40090,number,,https://api.uis.unesco.org/api/public/data/indicators?indicator=OE.5T8.40500&geoUnit=IRN&start=1998&end=2026&version=20260507-91260335,2026-10-01,official-international (UNESCO UIS estimate),true,
outbound_students_dest_north_america_western_europe,OE.5T8.40500,both,2021,42969,number,,https://api.uis.unesco.org/api/public/data/indicators?indicator=OE.5T8.40500&geoUnit=IRN&start=1998&end=2026&version=20260507-91260335,2026-10-01,official-international (UNESCO UIS estimate),true,
outbound_students_dest_north_america_western_europe,OE.5T8.40500,both,2022,49534,number,,https://api.uis.unesco.org/api/public/data/indicators?indicator=OE.5T8.40500&geoUnit=IRN&start=1998&end=2026&version=20260507-91260335,2026-10-01,official-international (UNESCO UIS estimate),true,
outbound_students_dest_north_america_western_europe,OE.5T8.40500,both,2023,60099,number,,https://api.uis.unesco.org/api/public/data/indicators?indicator=OE.5T8.40500&geoUnit=IRN&start=1998&end=2026&version=20260507-91260335,2026-10-01,official-international (UNESCO UIS estimate),true,
outbound_tertiary_students_total,OE.5T8.40510,both,1998,18215,"number of Iranian tertiary students studying abroad, all destinations",UIS_EST,https://api.uis.unesco.org/api/public/data/indicators?indicator=OE.5T8.40510&geoUnit=IRN&start=1998&end=2026&version=20260507-91260335,2026-10-01,official-international (UNESCO UIS estimate),true,"Host-country enrolment counts of Iranian-origin students (UIS estimate, Feb 2026 release); counts students, not graduates or permanent emigrants; some destinations do not report so levels are a lower bound"
outbound_tertiary_students_total,OE.5T8.40510,both,1999,17985,"number of Iranian tertiary students studying abroad, all destinations",UIS_EST,https://api.uis.unesco.org/api/public/data/indicators?indicator=OE.5T8.40510&geoUnit=IRN&start=1998&end=2026&version=20260507-91260335,2026-10-01,official-international (UNESCO UIS estimate),true,"Host-country enrolment counts of Iranian-origin students (UIS estimate, Feb 2026 release); counts students, not graduates or permanent emigrants; some destinations do not report so levels are a lower bound"
outbound_tertiary_students_total,OE.5T8.40510,both,2000,17442,"number of Iranian tertiary students studying abroad, all destinations",UIS_EST,https://api.uis.unesco.org/api/public/data/indicators?indicator=OE.5T8.40510&geoUnit=IRN&start=1998&end=2026&version=20260507-91260335,2026-10-01,official-international (UNESCO UIS estimate),true,"Host-country enrolment counts of Iranian-origin students (UIS estimate, Feb 2026 release); counts students, not graduates or permanent emigrants; some destinations do not report so levels are a lower bound"
outbound_tertiary_students_total,OE.5T8.40510,both,2001,17523,"number of Iranian tertiary students studying abroad, all destinations",UIS_EST,https://api.uis.unesco.org/api/public/data/indicators?indicator=OE.5T8.40510&geoUnit=IRN&start=1998&end=2026&version=20260507-91260335,2026-10-01,official-international (UNESCO UIS estimate),true,"Host-country enrolment counts of Iranian-origin students (UIS estimate, Feb 2026 release); counts students, not graduates or permanent emigrants; some destinations do not report so levels are a lower bound"
outbound_tertiary_students_total,OE.5T8.40510,both,2002,18014,"number of Iranian tertiary students studying abroad, all destinations",UIS_EST,https://api.uis.unesco.org/api/public/data/indicators?indicator=OE.5T8.40510&geoUnit=IRN&start=1998&end=2026&version=20260507-91260335,2026-10-01,official-international (UNESCO UIS estimate),true,"Host-country enrolment counts of Iranian-origin students (UIS estimate, Feb 2026 release); counts students, not graduates or permanent emigrants; some destinations do not report so levels are a lower bound"
outbound_tertiary_students_total,OE.5T8.40510,both,2003,19267,"number of Iranian tertiary students studying abroad, all destinations",UIS_EST,https://api.uis.unesco.org/api/public/data/indicators?indicator=OE.5T8.40510&geoUnit=IRN&start=1998&end=2026&version=20260507-91260335,2026-10-01,official-international (UNESCO UIS estimate),true,"Host-country enrolment counts of Iranian-origin students (UIS estimate, Feb 2026 release); counts students, not graduates or permanent emigrants; some destinations do not report so levels are a lower bound"
outbound_tertiary_students_total,OE.5T8.40510,both,2004,20844,"number of Iranian tertiary students studying abroad, all destinations",UIS_EST,https://api.uis.unesco.org/api/public/data/indicators?indicator=OE.5T8.40510&geoUnit=IRN&start=1998&end=2026&version=20260507-91260335,2026-10-01,official-international (UNESCO UIS estimate),true,"Host-country enrolment counts of Iranian-origin students (UIS estimate, Feb 2026 release); counts students, not graduates or permanent emigrants; some destinations do not report so levels are a lower bound"
outbound_tertiary_students_total,OE.5T8.40510,both,2005,23278,"number of Iranian tertiary students studying abroad, all destinations",UIS_EST,https://api.uis.unesco.org/api/public/data/indicators?indicator=OE.5T8.40510&geoUnit=IRN&start=1998&end=2026&version=20260507-91260335,2026-10-01,official-international (UNESCO UIS estimate),true,"Host-country enrolment counts of Iranian-origin students (UIS estimate, Feb 2026 release); counts students, not graduates or permanent emigrants; some destinations do not report so levels are a lower bound"
outbound_tertiary_students_total,OE.5T8.40510,both,2006,25023,"number of Iranian tertiary students studying abroad, all destinations",UIS_EST,https://api.uis.unesco.org/api/public/data/indicators?indicator=OE.5T8.40510&geoUnit=IRN&start=1998&end=2026&version=20260507-91260335,2026-10-01,official-international (UNESCO UIS estimate),true,"Host-country enrolment counts of Iranian-origin students (UIS estimate, Feb 2026 release); counts students, not graduates or permanent emigrants; some destinations do not report so levels are a lower bound"
outbound_tertiary_students_total,OE.5T8.40510,both,2007,29403,"number of Iranian tertiary students studying abroad, all destinations",UIS_EST,https://api.uis.unesco.org/api/public/data/indicators?indicator=OE.5T8.40510&geoUnit=IRN&start=1998&end=2026&version=20260507-91260335,2026-10-01,official-international (UNESCO UIS estimate),true,"Host-country enrolment counts of Iranian-origin students (UIS estimate, Feb 2026 release); counts students, not graduates or permanent emigrants; some destinations do not report so levels are a lower bound"
outbound_tertiary_students_total,OE.5T8.40510,both,2008,33144,"number of Iranian tertiary students studying abroad, all destinations",UIS_EST,https://api.uis.unesco.org/api/public/data/indicators?indicator=OE.5T8.40510&geoUnit=IRN&start=1998&end=2026&version=20260507-91260335,2026-10-01,official-international (UNESCO UIS estimate),true,"Host-country enrolment counts of Iranian-origin students (UIS estimate, Feb 2026 release); counts students, not graduates or permanent emigrants; some destinations do not report so levels are a lower bound"
outbound_tertiary_students_total,OE.5T8.40510,both,2009,39705,"number of Iranian tertiary students studying abroad, all destinations",UIS_EST,https://api.uis.unesco.org/api/public/data/indicators?indicator=OE.5T8.40510&geoUnit=IRN&start=1998&end=2026&version=20260507-91260335,2026-10-01,official-international (UNESCO UIS estimate),true,"Host-country enrolment counts of Iranian-origin students (UIS estimate, Feb 2026 release); counts students, not graduates or permanent emigrants; some destinations do not report so levels are a lower bound"
outbound_tertiary_students_total,OE.5T8.40510,both,2010,44491,"number of Iranian tertiary students studying abroad, all destinations",UIS_EST,https://api.uis.unesco.org/api/public/data/indicators?indicator=OE.5T8.40510&geoUnit=IRN&start=1998&end=2026&version=20260507-91260335,2026-10-01,official-international (UNESCO UIS estimate),true,"Host-country enrolment counts of Iranian-origin students (UIS estimate, Feb 2026 release); counts students, not graduates or permanent emigrants; some destinations do not report so levels are a lower bound"
outbound_tertiary_students_total,OE.5T8.40510,both,2011,50713,"number of Iranian tertiary students studying abroad, all destinations",UIS_EST,https://api.uis.unesco.org/api/public/data/indicators?indicator=OE.5T8.40510&geoUnit=IRN&start=1998&end=2026&version=20260507-91260335,2026-10-01,official-international (UNESCO UIS estimate),true,"Host-country enrolment counts of Iranian-origin students (UIS estimate, Feb 2026 release); counts students, not graduates or permanent emigrants; some destinations do not report so levels are a lower bound"
outbound_tertiary_students_total,OE.5T8.40510,both,2012,51834,"number of Iranian tertiary students studying abroad, all destinations",UIS_EST,https://api.uis.unesco.org/api/public/data/indicators?indicator=OE.5T8.40510&geoUnit=IRN&start=1998&end=2026&version=20260507-91260335,2026-10-01,official-international (UNESCO UIS estimate),true,"Host-country enrolment counts of Iranian-origin students (UIS estimate, Feb 2026 release); counts students, not graduates or permanent emigrants; some destinations do not report so levels are a lower bound"
outbound_tertiary_students_total,OE.5T8.40510,both,2013,49454,"number of Iranian tertiary students studying abroad, all destinations",UIS_EST,https://api.uis.unesco.org/api/public/data/indicators?indicator=OE.5T8.40510&geoUnit=IRN&start=1998&end=2026&version=20260507-91260335,2026-10-01,official-international (UNESCO UIS estimate),true,"Host-country enrolment counts of Iranian-origin students (UIS estimate, Feb 2026 release); counts students, not graduates or permanent emigrants; some destinations do not report so levels are a lower bound"
outbound_tertiary_students_total,OE.5T8.40510,both,2014,51473,"number of Iranian tertiary students studying abroad, all destinations",UIS_EST,https://api.uis.unesco.org/api/public/data/indicators?indicator=OE.5T8.40510&geoUnit=IRN&start=1998&end=2026&version=20260507-91260335,2026-10-01,official-international (UNESCO UIS estimate),true,"Host-country enrolment counts of Iranian-origin students (UIS estimate, Feb 2026 release); counts students, not graduates or permanent emigrants; some destinations do not report so levels are a lower bound"
outbound_tertiary_students_total,OE.5T8.40510,both,2015,51851,"number of Iranian tertiary students studying abroad, all destinations",,https://api.uis.unesco.org/api/public/data/indicators?indicator=OE.5T8.40510&geoUnit=IRN&start=1998&end=2026&version=20260507-91260335,2026-10-01,official-international (UNESCO UIS estimate),true,"Host-country enrolment counts of Iranian-origin students (UIS estimate, Feb 2026 release); counts students, not graduates or permanent emigrants; some destinations do not report so levels are a lower bound"
outbound_tertiary_students_total,OE.5T8.40510,both,2016,53553,"number of Iranian tertiary students studying abroad, all destinations",,https://api.uis.unesco.org/api/public/data/indicators?indicator=OE.5T8.40510&geoUnit=IRN&start=1998&end=2026&version=20260507-91260335,2026-10-01,official-international (UNESCO UIS estimate),true,"Host-country enrolment counts of Iranian-origin students (UIS estimate, Feb 2026 release); counts students, not graduates or permanent emigrants; some destinations do not report so levels are a lower bound"
outbound_tertiary_students_total,OE.5T8.40510,both,2017,53980,"number of Iranian tertiary students studying abroad, all destinations",,https://api.uis.unesco.org/api/public/data/indicators?indicator=OE.5T8.40510&geoUnit=IRN&start=1998&end=2026&version=20260507-91260335,2026-10-01,official-international (UNESCO UIS estimate),true,"Host-country enrolment counts of Iranian-origin students (UIS estimate, Feb 2026 release); counts students, not graduates or permanent emigrants; some destinations do not report so levels are a lower bound"
outbound_tertiary_students_total,OE.5T8.40510,both,2018,57651,"number of Iranian tertiary students studying abroad, all destinations",,https://api.uis.unesco.org/api/public/data/indicators?indicator=OE.5T8.40510&geoUnit=IRN&start=1998&end=2026&version=20260507-91260335,2026-10-01,official-international (UNESCO UIS estimate),true,"Host-country enrolment counts of Iranian-origin students (UIS estimate, Feb 2026 release); counts students, not graduates or permanent emigrants; some destinations do not report so levels are a lower bound"
outbound_tertiary_students_total,OE.5T8.40510,both,2019,60442,"number of Iranian tertiary students studying abroad, all destinations",UIS_EST,https://api.uis.unesco.org/api/public/data/indicators?indicator=OE.5T8.40510&geoUnit=IRN&start=1998&end=2026&version=20260507-91260335,2026-10-01,official-international (UNESCO UIS estimate),true,"Host-country enrolment counts of Iranian-origin students (UIS estimate, Feb 2026 release); counts students, not graduates or permanent emigrants; some destinations do not report so levels are a lower bound"
outbound_tertiary_students_total,OE.5T8.40510,both,2020,69404,"number of Iranian tertiary students studying abroad, all destinations",,https://api.uis.unesco.org/api/public/data/indicators?indicator=OE.5T8.40510&geoUnit=IRN&start=1998&end=2026&version=20260507-91260335,2026-10-01,official-international (UNESCO UIS estimate),true,"Host-country enrolment counts of Iranian-origin students (UIS estimate, Feb 2026 release); counts students, not graduates or permanent emigrants; some destinations do not report so levels are a lower bound"
outbound_tertiary_students_total,OE.5T8.40510,both,2021,74972,"number of Iranian tertiary students studying abroad, all destinations",UIS_EST,https://api.uis.unesco.org/api/public/data/indicators?indicator=OE.5T8.40510&geoUnit=IRN&start=1998&end=2026&version=20260507-91260335,2026-10-01,official-international (UNESCO UIS estimate),true,"Host-country enrolment counts of Iranian-origin students (UIS estimate, Feb 2026 release); counts students, not graduates or permanent emigrants; some destinations do not report so levels are a lower bound"
outbound_tertiary_students_total,OE.5T8.40510,both,2022,86429,"number of Iranian tertiary students studying abroad, all destinations",UIS_EST,https://api.uis.unesco.org/api/public/data/indicators?indicator=OE.5T8.40510&geoUnit=IRN&start=1998&end=2026&version=20260507-91260335,2026-10-01,official-international (UNESCO UIS estimate),true,"Host-country enrolment counts of Iranian-origin students (UIS estimate, Feb 2026 release); counts students, not graduates or permanent emigrants; some destinations do not report so levels are a lower bound"
outbound_tertiary_students_total,OE.5T8.40510,both,2023,99161,"number of Iranian tertiary students studying abroad, all destinations",UIS_EST,https://api.uis.unesco.org/api/public/data/indicators?indicator=OE.5T8.40510&geoUnit=IRN&start=1998&end=2026&version=20260507-91260335,2026-10-01,official-international (UNESCO UIS estimate),true,"Host-country enrolment counts of Iranian-origin students (UIS estimate, Feb 2026 release); counts students, not graduates or permanent emigrants; some destinations do not report so levels are a lower bound"
outbound_tertiary_students_total,OE.5T8.40510.F,female,2012,21330,number,UIS_EST,https://api.uis.unesco.org/api/public/data/indicators?indicator=OE.5T8.40510.F&geoUnit=IRN&start=1998&end=2026&version=20260507-91260335,2026-10-01,official-international (UNESCO UIS estimate),true,
outbound_tertiary_students_total,OE.5T8.40510.F,female,2013,21077,number,UIS_EST,https://api.uis.unesco.org/api/public/data/indicators?indicator=OE.5T8.40510.F&geoUnit=IRN&start=1998&end=2026&version=20260507-91260335,2026-10-01,official-international (UNESCO UIS estimate),true,
outbound_tertiary_students_total,OE.5T8.40510.F,female,2014,21848,number,UIS_EST,https://api.uis.unesco.org/api/public/data/indicators?indicator=OE.5T8.40510.F&geoUnit=IRN&start=1998&end=2026&version=20260507-91260335,2026-10-01,official-international (UNESCO UIS estimate),true,
outbound_tertiary_students_total,OE.5T8.40510.F,female,2015,22673,number,UIS_EST,https://api.uis.unesco.org/api/public/data/indicators?indicator=OE.5T8.40510.F&geoUnit=IRN&start=1998&end=2026&version=20260507-91260335,2026-10-01,official-international (UNESCO UIS estimate),true,
outbound_tertiary_students_total,OE.5T8.40510.F,female,2016,24203,number,UIS_EST,https://api.uis.unesco.org/api/public/data/indicators?indicator=OE.5T8.40510.F&geoUnit=IRN&start=1998&end=2026&version=20260507-91260335,2026-10-01,official-international (UNESCO UIS estimate),true,
outbound_tertiary_students_total,OE.5T8.40510.F,female,2017,24389,number,UIS_EST,https://api.uis.unesco.org/api/public/data/indicators?indicator=OE.5T8.40510.F&geoUnit=IRN&start=1998&end=2026&version=20260507-91260335,2026-10-01,official-international (UNESCO UIS estimate),true,
outbound_tertiary_students_total,OE.5T8.40510.F,female,2018,26089,number,UIS_EST,https://api.uis.unesco.org/api/public/data/indicators?indicator=OE.5T8.40510.F&geoUnit=IRN&start=1998&end=2026&version=20260507-91260335,2026-10-01,official-international (UNESCO UIS estimate),true,
outbound_tertiary_students_total,OE.5T8.40510.F,female,2019,27361,number,UIS_EST,https://api.uis.unesco.org/api/public/data/indicators?indicator=OE.5T8.40510.F&geoUnit=IRN&start=1998&end=2026&version=20260507-91260335,2026-10-01,official-international (UNESCO UIS estimate),true,
outbound_tertiary_students_total,OE.5T8.40510.F,female,2020,31707,number,UIS_EST,https://api.uis.unesco.org/api/public/data/indicators?indicator=OE.5T8.40510.F&geoUnit=IRN&start=1998&end=2026&version=20260507-91260335,2026-10-01,official-international (UNESCO UIS estimate),true,
outbound_tertiary_students_total,OE.5T8.40510.F,female,2021,35034,number,UIS_EST,https://api.uis.unesco.org/api/public/data/indicators?indicator=OE.5T8.40510.F&geoUnit=IRN&start=1998&end=2026&version=20260507-91260335,2026-10-01,official-international (UNESCO UIS estimate),true,
outbound_tertiary_students_total,OE.5T8.40510.F,female,2022,39498,number,UIS_EST,https://api.uis.unesco.org/api/public/data/indicators?indicator=OE.5T8.40510.F&geoUnit=IRN&start=1998&end=2026&version=20260507-91260335,2026-10-01,official-international (UNESCO UIS estimate),true,
outbound_tertiary_students_total,OE.5T8.40510.F,female,2023,46051,number,UIS_EST,https://api.uis.unesco.org/api/public/data/indicators?indicator=OE.5T8.40510.F&geoUnit=IRN&start=1998&end=2026&version=20260507-91260335,2026-10-01,official-international (UNESCO UIS estimate),true,
outbound_tertiary_students_total,OE.5T8.40510.M,male,1998,18215,number,UIS_EST,https://api.uis.unesco.org/api/public/data/indicators?indicator=OE.5T8.40510.M&geoUnit=IRN&start=1998&end=2026&version=20260507-91260335,2026-10-01,official-international (UNESCO UIS estimate),true,
outbound_tertiary_students_total,OE.5T8.40510.M,male,1999,17985,number,UIS_EST,https://api.uis.unesco.org/api/public/data/indicators?indicator=OE.5T8.40510.M&geoUnit=IRN&start=1998&end=2026&version=20260507-91260335,2026-10-01,official-international (UNESCO UIS estimate),true,
outbound_tertiary_students_total,OE.5T8.40510.M,male,2000,17442,number,UIS_EST,https://api.uis.unesco.org/api/public/data/indicators?indicator=OE.5T8.40510.M&geoUnit=IRN&start=1998&end=2026&version=20260507-91260335,2026-10-01,official-international (UNESCO UIS estimate),true,
outbound_tertiary_students_total,OE.5T8.40510.M,male,2001,17523,number,UIS_EST,https://api.uis.unesco.org/api/public/data/indicators?indicator=OE.5T8.40510.M&geoUnit=IRN&start=1998&end=2026&version=20260507-91260335,2026-10-01,official-international (UNESCO UIS estimate),true,
outbound_tertiary_students_total,OE.5T8.40510.M,male,2002,18014,number,UIS_EST,https://api.uis.unesco.org/api/public/data/indicators?indicator=OE.5T8.40510.M&geoUnit=IRN&start=1998&end=2026&version=20260507-91260335,2026-10-01,official-international (UNESCO UIS estimate),true,
outbound_tertiary_students_total,OE.5T8.40510.M,male,2003,19267,number,UIS_EST,https://api.uis.unesco.org/api/public/data/indicators?indicator=OE.5T8.40510.M&geoUnit=IRN&start=1998&end=2026&version=20260507-91260335,2026-10-01,official-international (UNESCO UIS estimate),true,
outbound_tertiary_students_total,OE.5T8.40510.M,male,2004,20844,number,UIS_EST,https://api.uis.unesco.org/api/public/data/indicators?indicator=OE.5T8.40510.M&geoUnit=IRN&start=1998&end=2026&version=20260507-91260335,2026-10-01,official-international (UNESCO UIS estimate),true,
outbound_tertiary_students_total,OE.5T8.40510.M,male,2005,23278,number,UIS_EST,https://api.uis.unesco.org/api/public/data/indicators?indicator=OE.5T8.40510.M&geoUnit=IRN&start=1998&end=2026&version=20260507-91260335,2026-10-01,official-international (UNESCO UIS estimate),true,
outbound_tertiary_students_total,OE.5T8.40510.M,male,2006,25023,number,UIS_EST,https://api.uis.unesco.org/api/public/data/indicators?indicator=OE.5T8.40510.M&geoUnit=IRN&start=1998&end=2026&version=20260507-91260335,2026-10-01,official-international (UNESCO UIS estimate),true,
outbound_tertiary_students_total,OE.5T8.40510.M,male,2007,29403,number,UIS_EST,https://api.uis.unesco.org/api/public/data/indicators?indicator=OE.5T8.40510.M&geoUnit=IRN&start=1998&end=2026&version=20260507-91260335,2026-10-01,official-international (UNESCO UIS estimate),true,
outbound_tertiary_students_total,OE.5T8.40510.M,male,2008,33144,number,UIS_EST,https://api.uis.unesco.org/api/public/data/indicators?indicator=OE.5T8.40510.M&geoUnit=IRN&start=1998&end=2026&version=20260507-91260335,2026-10-01,official-international (UNESCO UIS estimate),true,
outbound_tertiary_students_total,OE.5T8.40510.M,male,2009,39705,number,UIS_EST,https://api.uis.unesco.org/api/public/data/indicators?indicator=OE.5T8.40510.M&geoUnit=IRN&start=1998&end=2026&version=20260507-91260335,2026-10-01,official-international (UNESCO UIS estimate),true,
outbound_tertiary_students_total,OE.5T8.40510.M,male,2010,44491,number,UIS_EST,https://api.uis.unesco.org/api/public/data/indicators?indicator=OE.5T8.40510.M&geoUnit=IRN&start=1998&end=2026&version=20260507-91260335,2026-10-01,official-international (UNESCO UIS estimate),true,
outbound_tertiary_students_total,OE.5T8.40510.M,male,2011,50713,number,UIS_EST,https://api.uis.unesco.org/api/public/data/indicators?indicator=OE.5T8.40510.M&geoUnit=IRN&start=1998&end=2026&version=20260507-91260335,2026-10-01,official-international (UNESCO UIS estimate),true,
outbound_tertiary_students_total,OE.5T8.40510.M,male,2012,30505,number,UIS_EST,https://api.uis.unesco.org/api/public/data/indicators?indicator=OE.5T8.40510.M&geoUnit=IRN&start=1998&end=2026&version=20260507-91260335,2026-10-01,official-international (UNESCO UIS estimate),true,
outbound_tertiary_students_total,OE.5T8.40510.M,male,2013,28377,number,UIS_EST,https://api.uis.unesco.org/api/public/data/indicators?indicator=OE.5T8.40510.M&geoUnit=IRN&start=1998&end=2026&version=20260507-91260335,2026-10-01,official-international (UNESCO UIS estimate),true,
outbound_tertiary_students_total,OE.5T8.40510.M,male,2014,29625,number,UIS_EST,https://api.uis.unesco.org/api/public/data/indicators?indicator=OE.5T8.40510.M&geoUnit=IRN&start=1998&end=2026&version=20260507-91260335,2026-10-01,official-international (UNESCO UIS estimate),true,
outbound_tertiary_students_total,OE.5T8.40510.M,male,2015,29178,number,UIS_EST,https://api.uis.unesco.org/api/public/data/indicators?indicator=OE.5T8.40510.M&geoUnit=IRN&start=1998&end=2026&version=20260507-91260335,2026-10-01,official-international (UNESCO UIS estimate),true,
outbound_tertiary_students_total,OE.5T8.40510.M,male,2016,29350,number,UIS_EST,https://api.uis.unesco.org/api/public/data/indicators?indicator=OE.5T8.40510.M&geoUnit=IRN&start=1998&end=2026&version=20260507-91260335,2026-10-01,official-international (UNESCO UIS estimate),true,
outbound_tertiary_students_total,OE.5T8.40510.M,male,2017,29591,number,UIS_EST,https://api.uis.unesco.org/api/public/data/indicators?indicator=OE.5T8.40510.M&geoUnit=IRN&start=1998&end=2026&version=20260507-91260335,2026-10-01,official-international (UNESCO UIS estimate),true,
outbound_tertiary_students_total,OE.5T8.40510.M,male,2018,31562,number,UIS_EST,https://api.uis.unesco.org/api/public/data/indicators?indicator=OE.5T8.40510.M&geoUnit=IRN&start=1998&end=2026&version=20260507-91260335,2026-10-01,official-international (UNESCO UIS estimate),true,
outbound_tertiary_students_total,OE.5T8.40510.M,male,2019,33081,number,UIS_EST,https://api.uis.unesco.org/api/public/data/indicators?indicator=OE.5T8.40510.M&geoUnit=IRN&start=1998&end=2026&version=20260507-91260335,2026-10-01,official-international (UNESCO UIS estimate),true,
outbound_tertiary_students_total,OE.5T8.40510.M,male,2020,37697,number,UIS_EST,https://api.uis.unesco.org/api/public/data/indicators?indicator=OE.5T8.40510.M&geoUnit=IRN&start=1998&end=2026&version=20260507-91260335,2026-10-01,official-international (UNESCO UIS estimate),true,
outbound_tertiary_students_total,OE.5T8.40510.M,male,2021,39939,number,UIS_EST,https://api.uis.unesco.org/api/public/data/indicators?indicator=OE.5T8.40510.M&geoUnit=IRN&start=1998&end=2026&version=20260507-91260335,2026-10-01,official-international (UNESCO UIS estimate),true,
outbound_tertiary_students_total,OE.5T8.40510.M,male,2022,46931,number,UIS_EST,https://api.uis.unesco.org/api/public/data/indicators?indicator=OE.5T8.40510.M&geoUnit=IRN&start=1998&end=2026&version=20260507-91260335,2026-10-01,official-international (UNESCO UIS estimate),true,
outbound_tertiary_students_total,OE.5T8.40510.M,male,2023,53110,number,UIS_EST,https://api.uis.unesco.org/api/public/data/indicators?indicator=OE.5T8.40510.M&geoUnit=IRN&start=1998&end=2026&version=20260507-91260335,2026-10-01,official-international (UNESCO UIS estimate),true,
outbound_students_dest_east_asia_pacific,OE.5T8.40515,both,1998,596,number,UIS_EST,https://api.uis.unesco.org/api/public/data/indicators?indicator=OE.5T8.40515&geoUnit=IRN&start=1998&end=2026&version=20260507-91260335,2026-10-01,official-international (UNESCO UIS estimate),true,
outbound_students_dest_east_asia_pacific,OE.5T8.40515,both,1999,518,number,UIS_EST,https://api.uis.unesco.org/api/public/data/indicators?indicator=OE.5T8.40515&geoUnit=IRN&start=1998&end=2026&version=20260507-91260335,2026-10-01,official-international (UNESCO UIS estimate),true,
outbound_students_dest_east_asia_pacific,OE.5T8.40515,both,2000,588,number,UIS_EST,https://api.uis.unesco.org/api/public/data/indicators?indicator=OE.5T8.40515&geoUnit=IRN&start=1998&end=2026&version=20260507-91260335,2026-10-01,official-international (UNESCO UIS estimate),true,
outbound_students_dest_east_asia_pacific,OE.5T8.40515,both,2001,664,number,UIS_EST,https://api.uis.unesco.org/api/public/data/indicators?indicator=OE.5T8.40515&geoUnit=IRN&start=1998&end=2026&version=20260507-91260335,2026-10-01,official-international (UNESCO UIS estimate),true,
outbound_students_dest_east_asia_pacific,OE.5T8.40515,both,2002,961,number,UIS_EST,https://api.uis.unesco.org/api/public/data/indicators?indicator=OE.5T8.40515&geoUnit=IRN&start=1998&end=2026&version=20260507-91260335,2026-10-01,official-international (UNESCO UIS estimate),true,
outbound_students_dest_east_asia_pacific,OE.5T8.40515,both,2003,1268,number,UIS_EST,https://api.uis.unesco.org/api/public/data/indicators?indicator=OE.5T8.40515&geoUnit=IRN&start=1998&end=2026&version=20260507-91260335,2026-10-01,official-international (UNESCO UIS estimate),true,
outbound_students_dest_east_asia_pacific,OE.5T8.40515,both,2004,1703,number,UIS_EST,https://api.uis.unesco.org/api/public/data/indicators?indicator=OE.5T8.40515&geoUnit=IRN&start=1998&end=2026&version=20260507-91260335,2026-10-01,official-international (UNESCO UIS estimate),true,
outbound_students_dest_east_asia_pacific,OE.5T8.40515,both,2005,2049,number,UIS_EST,https://api.uis.unesco.org/api/public/data/indicators?indicator=OE.5T8.40515&geoUnit=IRN&start=1998&end=2026&version=20260507-91260335,2026-10-01,official-international (UNESCO UIS estimate),true,
outbound_students_dest_east_asia_pacific,OE.5T8.40515,both,2006,2082,number,UIS_EST,https://api.uis.unesco.org/api/public/data/indicators?indicator=OE.5T8.40515&geoUnit=IRN&start=1998&end=2026&version=20260507-91260335,2026-10-01,official-international (UNESCO UIS estimate),true,
outbound_students_dest_east_asia_pacific,OE.5T8.40515,both,2007,3871,number,UIS_EST,https://api.uis.unesco.org/api/public/data/indicators?indicator=OE.5T8.40515&geoUnit=IRN&start=1998&end=2026&version=20260507-91260335,2026-10-01,official-international (UNESCO UIS estimate),true,
outbound_students_dest_east_asia_pacific,OE.5T8.40515,both,2008,5262,number,UIS_EST,https://api.uis.unesco.org/api/public/data/indicators?indicator=OE.5T8.40515&geoUnit=IRN&start=1998&end=2026&version=20260507-91260335,2026-10-01,official-international (UNESCO UIS estimate),true,
outbound_students_dest_east_asia_pacific,OE.5T8.40515,both,2009,8838,number,UIS_EST,https://api.uis.unesco.org/api/public/data/indicators?indicator=OE.5T8.40515&geoUnit=IRN&start=1998&end=2026&version=20260507-91260335,2026-10-01,official-international (UNESCO UIS estimate),true,
outbound_students_dest_east_asia_pacific,OE.5T8.40515,both,2010,10177,number,UIS_EST,https://api.uis.unesco.org/api/public/data/indicators?indicator=OE.5T8.40515&geoUnit=IRN&start=1998&end=2026&version=20260507-91260335,2026-10-01,official-international (UNESCO UIS estimate),true,
outbound_students_dest_east_asia_pacific,OE.5T8.40515,both,2011,12523,number,UIS_EST,https://api.uis.unesco.org/api/public/data/indicators?indicator=OE.5T8.40515&geoUnit=IRN&start=1998&end=2026&version=20260507-91260335,2026-10-01,official-international (UNESCO UIS estimate),true,
outbound_students_dest_east_asia_pacific,OE.5T8.40515,both,2012,11651,number,UIS_EST,https://api.uis.unesco.org/api/public/data/indicators?indicator=OE.5T8.40515&geoUnit=IRN&start=1998&end=2026&version=20260507-91260335,2026-10-01,official-international (UNESCO UIS estimate),true,
outbound_students_dest_east_asia_pacific,OE.5T8.40515,both,2013,9682,number,UIS_EST,https://api.uis.unesco.org/api/public/data/indicators?indicator=OE.5T8.40515&geoUnit=IRN&start=1998&end=2026&version=20260507-91260335,2026-10-01,official-international (UNESCO UIS estimate),true,
outbound_students_dest_east_asia_pacific,OE.5T8.40515,both,2014,7587,number,UIS_EST,https://api.uis.unesco.org/api/public/data/indicators?indicator=OE.5T8.40515&geoUnit=IRN&start=1998&end=2026&version=20260507-91260335,2026-10-01,official-international (UNESCO UIS estimate),true,
outbound_students_dest_east_asia_pacific,OE.5T8.40515,both,2015,7566,number,UIS_EST,https://api.uis.unesco.org/api/public/data/indicators?indicator=OE.5T8.40515&geoUnit=IRN&start=1998&end=2026&version=20260507-91260335,2026-10-01,official-international (UNESCO UIS estimate),true,
outbound_students_dest_east_asia_pacific,OE.5T8.40515,both,2016,6743,number,UIS_EST,https://api.uis.unesco.org/api/public/data/indicators?indicator=OE.5T8.40515&geoUnit=IRN&start=1998&end=2026&version=20260507-91260335,2026-10-01,official-international (UNESCO UIS estimate),true,
outbound_students_dest_east_asia_pacific,OE.5T8.40515,both,2017,4528,number,UIS_EST,https://api.uis.unesco.org/api/public/data/indicators?indicator=OE.5T8.40515&geoUnit=IRN&start=1998&end=2026&version=20260507-91260335,2026-10-01,official-international (UNESCO UIS estimate),true,
outbound_students_dest_east_asia_pacific,OE.5T8.40515,both,2018,4547,number,UIS_EST,https://api.uis.unesco.org/api/public/data/indicators?indicator=OE.5T8.40515&geoUnit=IRN&start=1998&end=2026&version=20260507-91260335,2026-10-01,official-international (UNESCO UIS estimate),true,
outbound_students_dest_arab_states,OE.5T8.40525,both,2012,3825,number,UIS_EST,https://api.uis.unesco.org/api/public/data/indicators?indicator=OE.5T8.40525&geoUnit=IRN&start=1998&end=2026&version=20260507-91260335,2026-10-01,official-international (UNESCO UIS estimate),true,
outbound_students_dest_arab_states,OE.5T8.40525,both,2013,3936,number,UIS_EST,https://api.uis.unesco.org/api/public/data/indicators?indicator=OE.5T8.40525&geoUnit=IRN&start=1998&end=2026&version=20260507-91260335,2026-10-01,official-international (UNESCO UIS estimate),true,
outbound_students_dest_arab_states,OE.5T8.40525,both,2014,4022,number,UIS_EST,https://api.uis.unesco.org/api/public/data/indicators?indicator=OE.5T8.40525&geoUnit=IRN&start=1998&end=2026&version=20260507-91260335,2026-10-01,official-international (UNESCO UIS estimate),true,
outbound_students_dest_arab_states,OE.5T8.40525,both,2015,3997,number,UIS_EST,https://api.uis.unesco.org/api/public/data/indicators?indicator=OE.5T8.40525&geoUnit=IRN&start=1998&end=2026&version=20260507-91260335,2026-10-01,official-international (UNESCO UIS estimate),true,
outbound_students_dest_arab_states,OE.5T8.40525,both,2016,3982,number,UIS_EST,https://api.uis.unesco.org/api/public/data/indicators?indicator=OE.5T8.40525&geoUnit=IRN&start=1998&end=2026&version=20260507-91260335,2026-10-01,official-international (UNESCO UIS estimate),true,
outbound_students_dest_arab_states,OE.5T8.40525,both,2017,3954,number,UIS_EST,https://api.uis.unesco.org/api/public/data/indicators?indicator=OE.5T8.40525&geoUnit=IRN&start=1998&end=2026&version=20260507-91260335,2026-10-01,official-international (UNESCO UIS estimate),true,
outbound_students_dest_arab_states,OE.5T8.40525,both,2018,3984,number,UIS_EST,https://api.uis.unesco.org/api/public/data/indicators?indicator=OE.5T8.40525&geoUnit=IRN&start=1998&end=2026&version=20260507-91260335,2026-10-01,official-international (UNESCO UIS estimate),true,
outbound_students_dest_arab_states,OE.5T8.40525,both,2019,4005,number,UIS_EST,https://api.uis.unesco.org/api/public/data/indicators?indicator=OE.5T8.40525&geoUnit=IRN&start=1998&end=2026&version=20260507-91260335,2026-10-01,official-international (UNESCO UIS estimate),true,
outbound_students_dest_arab_states,OE.5T8.40525,both,2020,4046,number,UIS_EST,https://api.uis.unesco.org/api/public/data/indicators?indicator=OE.5T8.40525&geoUnit=IRN&start=1998&end=2026&version=20260507-91260335,2026-10-01,official-international (UNESCO UIS estimate),true,
outbound_students_dest_arab_states,OE.5T8.40525,both,2021,4158,number,UIS_EST,https://api.uis.unesco.org/api/public/data/indicators?indicator=OE.5T8.40525&geoUnit=IRN&start=1998&end=2026&version=20260507-91260335,2026-10-01,official-international (UNESCO UIS estimate),true,
outbound_students_dest_arab_states,OE.5T8.40525,both,2022,4255,number,UIS_EST,https://api.uis.unesco.org/api/public/data/indicators?indicator=OE.5T8.40525&geoUnit=IRN&start=1998&end=2026&version=20260507-91260335,2026-10-01,official-international (UNESCO UIS estimate),true,
outbound_students_dest_arab_states,OE.5T8.40525,both,2023,4306,number,UIS_EST,https://api.uis.unesco.org/api/public/data/indicators?indicator=OE.5T8.40525&geoUnit=IRN&start=1998&end=2026&version=20260507-91260335,2026-10-01,official-international (UNESCO UIS estimate),true,
outbound_students_dest_central_eastern_europe,OE.5T8.40530,both,1998,2360,number (largely Turkey/Russia per UIS regional grouping; destination country not verified),UIS_EST,https://api.uis.unesco.org/api/public/data/indicators?indicator=OE.5T8.40530&geoUnit=IRN&start=1998&end=2026&version=20260507-91260335,2026-10-01,official-international (UNESCO UIS estimate),true,
outbound_students_dest_central_eastern_europe,OE.5T8.40530,both,1999,2385,number (largely Turkey/Russia per UIS regional grouping; destination country not verified),UIS_EST,https://api.uis.unesco.org/api/public/data/indicators?indicator=OE.5T8.40530&geoUnit=IRN&start=1998&end=2026&version=20260507-91260335,2026-10-01,official-international (UNESCO UIS estimate),true,
outbound_students_dest_central_eastern_europe,OE.5T8.40530,both,2000,2293,number (largely Turkey/Russia per UIS regional grouping; destination country not verified),,https://api.uis.unesco.org/api/public/data/indicators?indicator=OE.5T8.40530&geoUnit=IRN&start=1998&end=2026&version=20260507-91260335,2026-10-01,official-international (UNESCO UIS estimate),true,
outbound_students_dest_central_eastern_europe,OE.5T8.40530,both,2001,2194,number (largely Turkey/Russia per UIS regional grouping; destination country not verified),,https://api.uis.unesco.org/api/public/data/indicators?indicator=OE.5T8.40530&geoUnit=IRN&start=1998&end=2026&version=20260507-91260335,2026-10-01,official-international (UNESCO UIS estimate),true,
outbound_students_dest_central_eastern_europe,OE.5T8.40530,both,2002,2281,number (largely Turkey/Russia per UIS regional grouping; destination country not verified),UIS_EST,https://api.uis.unesco.org/api/public/data/indicators?indicator=OE.5T8.40530&geoUnit=IRN&start=1998&end=2026&version=20260507-91260335,2026-10-01,official-international (UNESCO UIS estimate),true,
outbound_students_dest_central_eastern_europe,OE.5T8.40530,both,2003,2178,number (largely Turkey/Russia per UIS regional grouping; destination country not verified),,https://api.uis.unesco.org/api/public/data/indicators?indicator=OE.5T8.40530&geoUnit=IRN&start=1998&end=2026&version=20260507-91260335,2026-10-01,official-international (UNESCO UIS estimate),true,
outbound_students_dest_central_eastern_europe,OE.5T8.40530,both,2004,2573,number (largely Turkey/Russia per UIS regional grouping; destination country not verified),UIS_EST,https://api.uis.unesco.org/api/public/data/indicators?indicator=OE.5T8.40530&geoUnit=IRN&start=1998&end=2026&version=20260507-91260335,2026-10-01,official-international (UNESCO UIS estimate),true,
outbound_students_dest_central_eastern_europe,OE.5T8.40530,both,2005,2829,number (largely Turkey/Russia per UIS regional grouping; destination country not verified),,https://api.uis.unesco.org/api/public/data/indicators?indicator=OE.5T8.40530&geoUnit=IRN&start=1998&end=2026&version=20260507-91260335,2026-10-01,official-international (UNESCO UIS estimate),true,
outbound_students_dest_central_eastern_europe,OE.5T8.40530,both,2006,3270,number (largely Turkey/Russia per UIS regional grouping; destination country not verified),,https://api.uis.unesco.org/api/public/data/indicators?indicator=OE.5T8.40530&geoUnit=IRN&start=1998&end=2026&version=20260507-91260335,2026-10-01,official-international (UNESCO UIS estimate),true,
outbound_students_dest_central_eastern_europe,OE.5T8.40530,both,2007,3783,number (largely Turkey/Russia per UIS regional grouping; destination country not verified),,https://api.uis.unesco.org/api/public/data/indicators?indicator=OE.5T8.40530&geoUnit=IRN&start=1998&end=2026&version=20260507-91260335,2026-10-01,official-international (UNESCO UIS estimate),true,
outbound_students_dest_central_eastern_europe,OE.5T8.40530,both,2008,4010,number (largely Turkey/Russia per UIS regional grouping; destination country not verified),,https://api.uis.unesco.org/api/public/data/indicators?indicator=OE.5T8.40530&geoUnit=IRN&start=1998&end=2026&version=20260507-91260335,2026-10-01,official-international (UNESCO UIS estimate),true,
outbound_students_dest_central_eastern_europe,OE.5T8.40530,both,2009,4156,number (largely Turkey/Russia per UIS regional grouping; destination country not verified),,https://api.uis.unesco.org/api/public/data/indicators?indicator=OE.5T8.40530&geoUnit=IRN&start=1998&end=2026&version=20260507-91260335,2026-10-01,official-international (UNESCO UIS estimate),true,
outbound_students_dest_central_eastern_europe,OE.5T8.40530,both,2010,4102,number (largely Turkey/Russia per UIS regional grouping; destination country not verified),UIS_EST,https://api.uis.unesco.org/api/public/data/indicators?indicator=OE.5T8.40530&geoUnit=IRN&start=1998&end=2026&version=20260507-91260335,2026-10-01,official-international (UNESCO UIS estimate),true,
outbound_students_dest_central_eastern_europe,OE.5T8.40530,both,2011,4104,number (largely Turkey/Russia per UIS regional grouping; destination country not verified),,https://api.uis.unesco.org/api/public/data/indicators?indicator=OE.5T8.40530&geoUnit=IRN&start=1998&end=2026&version=20260507-91260335,2026-10-01,official-international (UNESCO UIS estimate),true,
outbound_students_dest_central_eastern_europe,OE.5T8.40530,both,2012,4106,number (largely Turkey/Russia per UIS regional grouping; destination country not verified),UIS_EST,https://api.uis.unesco.org/api/public/data/indicators?indicator=OE.5T8.40530&geoUnit=IRN&start=1998&end=2026&version=20260507-91260335,2026-10-01,official-international (UNESCO UIS estimate),true,
outbound_students_dest_central_eastern_europe,OE.5T8.40530,both,2013,2980,number (largely Turkey/Russia per UIS regional grouping; destination country not verified),,https://api.uis.unesco.org/api/public/data/indicators?indicator=OE.5T8.40530&geoUnit=IRN&start=1998&end=2026&version=20260507-91260335,2026-10-01,official-international (UNESCO UIS estimate),true,
outbound_students_dest_central_eastern_europe,OE.5T8.40530,both,2014,6649,number (largely Turkey/Russia per UIS regional grouping; destination country not verified),,https://api.uis.unesco.org/api/public/data/indicators?indicator=OE.5T8.40530&geoUnit=IRN&start=1998&end=2026&version=20260507-91260335,2026-10-01,official-international (UNESCO UIS estimate),true,
outbound_students_dest_central_eastern_europe,OE.5T8.40530,both,2015,7334,number (largely Turkey/Russia per UIS regional grouping; destination country not verified),,https://api.uis.unesco.org/api/public/data/indicators?indicator=OE.5T8.40530&geoUnit=IRN&start=1998&end=2026&version=20260507-91260335,2026-10-01,official-international (UNESCO UIS estimate),true,
outbound_students_dest_central_eastern_europe,OE.5T8.40530,both,2016,8160,number (largely Turkey/Russia per UIS regional grouping; destination country not verified),,https://api.uis.unesco.org/api/public/data/indicators?indicator=OE.5T8.40530&geoUnit=IRN&start=1998&end=2026&version=20260507-91260335,2026-10-01,official-international (UNESCO UIS estimate),true,
outbound_students_dest_central_eastern_europe,OE.5T8.40530,both,2017,9403,number (largely Turkey/Russia per UIS regional grouping; destination country not verified),,https://api.uis.unesco.org/api/public/data/indicators?indicator=OE.5T8.40530&geoUnit=IRN&start=1998&end=2026&version=20260507-91260335,2026-10-01,official-international (UNESCO UIS estimate),true,
outbound_students_dest_central_eastern_europe,OE.5T8.40530,both,2018,11180,number (largely Turkey/Russia per UIS regional grouping; destination country not verified),,https://api.uis.unesco.org/api/public/data/indicators?indicator=OE.5T8.40530&geoUnit=IRN&start=1998&end=2026&version=20260507-91260335,2026-10-01,official-international (UNESCO UIS estimate),true,
outbound_students_dest_central_eastern_europe,OE.5T8.40530,both,2019,14508,number (largely Turkey/Russia per UIS regional grouping; destination country not verified),,https://api.uis.unesco.org/api/public/data/indicators?indicator=OE.5T8.40530&geoUnit=IRN&start=1998&end=2026&version=20260507-91260335,2026-10-01,official-international (UNESCO UIS estimate),true,
outbound_students_dest_central_eastern_europe,OE.5T8.40530,both,2020,18083,number (largely Turkey/Russia per UIS regional grouping; destination country not verified),,https://api.uis.unesco.org/api/public/data/indicators?indicator=OE.5T8.40530&geoUnit=IRN&start=1998&end=2026&version=20260507-91260335,2026-10-01,official-international (UNESCO UIS estimate),true,
outbound_students_dest_central_eastern_europe,OE.5T8.40530,both,2021,21091,number (largely Turkey/Russia per UIS regional grouping; destination country not verified),,https://api.uis.unesco.org/api/public/data/indicators?indicator=OE.5T8.40530&geoUnit=IRN&start=1998&end=2026&version=20260507-91260335,2026-10-01,official-international (UNESCO UIS estimate),true,
outbound_students_dest_central_eastern_europe,OE.5T8.40530,both,2022,26160,number (largely Turkey/Russia per UIS regional grouping; destination country not verified),,https://api.uis.unesco.org/api/public/data/indicators?indicator=OE.5T8.40530&geoUnit=IRN&start=1998&end=2026&version=20260507-91260335,2026-10-01,official-international (UNESCO UIS estimate),true,
outbound_students_dest_central_eastern_europe,OE.5T8.40530,both,2023,27872,number (largely Turkey/Russia per UIS regional grouping; destination country not verified),,https://api.uis.unesco.org/api/public/data/indicators?indicator=OE.5T8.40530&geoUnit=IRN&start=1998&end=2026&version=20260507-91260335,2026-10-01,official-international (UNESCO UIS estimate),true,
outbound_students_dest_south_west_asia,OE.5T8.40535,both,1999,167,number,UIS_EST,https://api.uis.unesco.org/api/public/data/indicators?indicator=OE.5T8.40535&geoUnit=IRN&start=1998&end=2026&version=20260507-91260335,2026-10-01,official-international (UNESCO UIS estimate),true,
outbound_students_dest_south_west_asia,OE.5T8.40535,both,2000,167,number,,https://api.uis.unesco.org/api/public/data/indicators?indicator=OE.5T8.40535&geoUnit=IRN&start=1998&end=2026&version=20260507-91260335,2026-10-01,official-international (UNESCO UIS estimate),true,
outbound_students_dest_south_west_asia,OE.5T8.40535,both,2001,233,number,,https://api.uis.unesco.org/api/public/data/indicators?indicator=OE.5T8.40535&geoUnit=IRN&start=1998&end=2026&version=20260507-91260335,2026-10-01,official-international (UNESCO UIS estimate),true,
outbound_students_dest_south_west_asia,OE.5T8.40535,both,2002,261,number,,https://api.uis.unesco.org/api/public/data/indicators?indicator=OE.5T8.40535&geoUnit=IRN&start=1998&end=2026&version=20260507-91260335,2026-10-01,official-international (UNESCO UIS estimate),true,
outbound_students_dest_south_west_asia,OE.5T8.40535,both,2003,354,number,,https://api.uis.unesco.org/api/public/data/indicators?indicator=OE.5T8.40535&geoUnit=IRN&start=1998&end=2026&version=20260507-91260335,2026-10-01,official-international (UNESCO UIS estimate),true,
outbound_students_dest_south_west_asia,OE.5T8.40535,both,2004,488,number,,https://api.uis.unesco.org/api/public/data/indicators?indicator=OE.5T8.40535&geoUnit=IRN&start=1998&end=2026&version=20260507-91260335,2026-10-01,official-international (UNESCO UIS estimate),true,
outbound_students_dest_south_west_asia,OE.5T8.40535,both,2005,1054,number,,https://api.uis.unesco.org/api/public/data/indicators?indicator=OE.5T8.40535&geoUnit=IRN&start=1998&end=2026&version=20260507-91260335,2026-10-01,official-international (UNESCO UIS estimate),true,
outbound_students_dest_south_west_asia,OE.5T8.40535,both,2006,1274,number,,https://api.uis.unesco.org/api/public/data/indicators?indicator=OE.5T8.40535&geoUnit=IRN&start=1998&end=2026&version=20260507-91260335,2026-10-01,official-international (UNESCO UIS estimate),true,
outbound_students_dest_south_west_asia,OE.5T8.40535,both,2007,1540,number,UIS_EST,https://api.uis.unesco.org/api/public/data/indicators?indicator=OE.5T8.40535&geoUnit=IRN&start=1998&end=2026&version=20260507-91260335,2026-10-01,official-international (UNESCO UIS estimate),true,
outbound_students_dest_south_west_asia,OE.5T8.40535,both,2008,1806,number,UIS_EST,https://api.uis.unesco.org/api/public/data/indicators?indicator=OE.5T8.40535&geoUnit=IRN&start=1998&end=2026&version=20260507-91260335,2026-10-01,official-international (UNESCO UIS estimate),true,
outbound_students_dest_south_west_asia,OE.5T8.40535,both,2009,2073,number,UIS_EST,https://api.uis.unesco.org/api/public/data/indicators?indicator=OE.5T8.40535&geoUnit=IRN&start=1998&end=2026&version=20260507-91260335,2026-10-01,official-international (UNESCO UIS estimate),true,
outbound_students_dest_south_west_asia,OE.5T8.40535,both,2010,2339,number,UIS_EST,https://api.uis.unesco.org/api/public/data/indicators?indicator=OE.5T8.40535&geoUnit=IRN&start=1998&end=2026&version=20260507-91260335,2026-10-01,official-international (UNESCO UIS estimate),true,
outbound_students_dest_south_west_asia,OE.5T8.40535,both,2011,2605,number,,https://api.uis.unesco.org/api/public/data/indicators?indicator=OE.5T8.40535&geoUnit=IRN&start=1998&end=2026&version=20260507-91260335,2026-10-01,official-international (UNESCO UIS estimate),true,
outbound_students_dest_south_west_asia,OE.5T8.40535,both,2012,2147,number,,https://api.uis.unesco.org/api/public/data/indicators?indicator=OE.5T8.40535&geoUnit=IRN&start=1998&end=2026&version=20260507-91260335,2026-10-01,official-international (UNESCO UIS estimate),true,
outbound_students_dest_south_west_asia,OE.5T8.40535,both,2013,2125,number,,https://api.uis.unesco.org/api/public/data/indicators?indicator=OE.5T8.40535&geoUnit=IRN&start=1998&end=2026&version=20260507-91260335,2026-10-01,official-international (UNESCO UIS estimate),true,
outbound_students_dest_south_west_asia,OE.5T8.40535,both,2014,1345,number,,https://api.uis.unesco.org/api/public/data/indicators?indicator=OE.5T8.40535&geoUnit=IRN&start=1998&end=2026&version=20260507-91260335,2026-10-01,official-international (UNESCO UIS estimate),true,
outbound_students_dest_south_west_asia,OE.5T8.40535,both,2015,1562,number,,https://api.uis.unesco.org/api/public/data/indicators?indicator=OE.5T8.40535&geoUnit=IRN&start=1998&end=2026&version=20260507-91260335,2026-10-01,official-international (UNESCO UIS estimate),true,
outbound_students_dest_south_west_asia,OE.5T8.40535,both,2016,1473,number,,https://api.uis.unesco.org/api/public/data/indicators?indicator=OE.5T8.40535&geoUnit=IRN&start=1998&end=2026&version=20260507-91260335,2026-10-01,official-international (UNESCO UIS estimate),true,
outbound_students_dest_south_west_asia,OE.5T8.40535,both,2017,1475,number,,https://api.uis.unesco.org/api/public/data/indicators?indicator=OE.5T8.40535&geoUnit=IRN&start=1998&end=2026&version=20260507-91260335,2026-10-01,official-international (UNESCO UIS estimate),true,
outbound_students_dest_south_west_asia,OE.5T8.40535,both,2018,1574,number,,https://api.uis.unesco.org/api/public/data/indicators?indicator=OE.5T8.40535&geoUnit=IRN&start=1998&end=2026&version=20260507-91260335,2026-10-01,official-international (UNESCO UIS estimate),true,
outbound_students_dest_south_west_asia,OE.5T8.40535,both,2019,1139,number,,https://api.uis.unesco.org/api/public/data/indicators?indicator=OE.5T8.40535&geoUnit=IRN&start=1998&end=2026&version=20260507-91260335,2026-10-01,official-international (UNESCO UIS estimate),true,
outbound_students_dest_south_west_asia,OE.5T8.40535,both,2020,876,number,,https://api.uis.unesco.org/api/public/data/indicators?indicator=OE.5T8.40535&geoUnit=IRN&start=1998&end=2026&version=20260507-91260335,2026-10-01,official-international (UNESCO UIS estimate),true,
outbound_students_dest_south_west_asia,OE.5T8.40535,both,2021,584,number,,https://api.uis.unesco.org/api/public/data/indicators?indicator=OE.5T8.40535&geoUnit=IRN&start=1998&end=2026&version=20260507-91260335,2026-10-01,official-international (UNESCO UIS estimate),true,
outbound_students_dest_south_west_asia,OE.5T8.40535,both,2022,413,number,,https://api.uis.unesco.org/api/public/data/indicators?indicator=OE.5T8.40535&geoUnit=IRN&start=1998&end=2026&version=20260507-91260335,2026-10-01,official-international (UNESCO UIS estimate),true,
outbound_students_dest_south_west_asia,OE.5T8.40535,both,2023,413,number,,https://api.uis.unesco.org/api/public/data/indicators?indicator=OE.5T8.40535&geoUnit=IRN&start=1998&end=2026&version=20260507-91260335,2026-10-01,official-international (UNESCO UIS estimate),true,
