Persian,English
کل کشور,Whole Country
آذربایجان غربی,West Azerbaijan
اصفهان,Isfahan
ایلام,Ilam
تهران,Tehran
خراسان جنوبی,South Khorasan
خراسان شمالی,North Khorasan
زنجان,Zanjan
سیستان و بلوچستان,Sistan and Baluchestan
قزوین,Qazvin
کردستان,Kurdistan
کرمانشاه,Kermanshah
گلستان,Golestan
لرستان,Lorestan
مرکزی,Markazi
همدان,Hamadan
آذربایجان شرقی,East Azerbaijan
البرز,Alborz
چهار محال و بختیاری,Chaharmahal and Bakhtiari
خوزستان,Khuzestan
فارس,Pars
کرمان,Kerman
گیلان,Gilan
هرمزگان,Hormozgan
اردبیل,Ardabil
خراسان رضوی,Razavi Khorasan
قم,Qom
مازندران,Mazandaran
بوشهر,Bushehr
کهگیلویه و بویر احمد,Kohgiluyeh and Boyer-Ahmad
سمنان,Semnan
یزد,Yazd
