exam_session,field,avg_score_0_20,geography,source_url,retrieved,verified,note,grade,breakdown,n_sources,sources
Khordad 1398 (2019),Experimental sciences,13.77,national,https://sobhesahel.com/news/104493/,2026-10-01,false,press quoting head of the Centre for Evaluation and Quality Assurance (M. Zarei) / MoE; official statement not fetched directly. Sobhesahel 1398 vs 1402 comparison; IMNA 22 Aug 2024 for 1403,12,all,2,"Sobhesahel (quoting Centre head Zarei); also Mashregh, Tabnak slide"
Khordad 1402 (2023),Experimental sciences,11.23,national,https://sobhesahel.com/news/104493/,2026-10-01,false,press quoting head of the Centre for Evaluation and Quality Assurance (M. Zarei) / MoE; official statement not fetched directly. Sobhesahel 1398 vs 1402 comparison; IMNA 22 Aug 2024 for 1403,12,all,2,"Sobhesahel (quoting Centre head Zarei); also Mashregh, Tabnak slide"
Khordad 1398,Mathematics-physics,13.28,national,https://sobhesahel.com/news/104493/,2026-10-01,false,press quoting head of the Centre for Evaluation and Quality Assurance (M. Zarei) / MoE; official statement not fetched directly. Sobhesahel 1398 vs 1402 comparison; IMNA 22 Aug 2024 for 1403,12,all,2,"Sobhesahel (quoting Centre head Zarei); also Mashregh, Tabnak slide"
Khordad 1402,Mathematics-physics,10.79,national,https://sobhesahel.com/news/104493/,2026-10-01,false,press quoting head of the Centre for Evaluation and Quality Assurance (M. Zarei) / MoE; official statement not fetched directly. Sobhesahel 1398 vs 1402 comparison; IMNA 22 Aug 2024 for 1403,12,all,2,"Sobhesahel (quoting Centre head Zarei); also Mashregh, Tabnak slide"
Khordad 1398,Humanities,10.76,national,https://sobhesahel.com/news/104493/,2026-10-01,false,press quoting head of the Centre for Evaluation and Quality Assurance (M. Zarei) / MoE; official statement not fetched directly. Sobhesahel 1398 vs 1402 comparison; IMNA 22 Aug 2024 for 1403,12,all,2,"Sobhesahel (quoting Centre head Zarei); also Mashregh, Tabnak slide"
Khordad 1402,Humanities,8.75,national,https://sobhesahel.com/news/104493/,2026-10-01,false,press quoting head of the Centre for Evaluation and Quality Assurance (M. Zarei) / MoE; official statement not fetched directly. Sobhesahel 1398 vs 1402 comparison; IMNA 22 Aug 2024 for 1403,12,all,2,"Sobhesahel (quoting Centre head Zarei); also Mashregh, Tabnak slide"
Khordad 1398,Islamic studies,12.88,national,https://sobhesahel.com/news/104493/,2026-10-01,false,press quoting head of the Centre for Evaluation and Quality Assurance (M. Zarei) / MoE; official statement not fetched directly. Sobhesahel 1398 vs 1402 comparison; IMNA 22 Aug 2024 for 1403,12,all,2,"Sobhesahel (quoting Centre head Zarei); also Mashregh, Tabnak slide"
Khordad 1402,Islamic studies,10.56,national,https://sobhesahel.com/news/104493/,2026-10-01,false,press quoting head of the Centre for Evaluation and Quality Assurance (M. Zarei) / MoE; official statement not fetched directly. Sobhesahel 1398 vs 1402 comparison; IMNA 22 Aug 2024 for 1403,12,all,2,"Sobhesahel (quoting Centre head Zarei); also Mashregh, Tabnak slide"
Khordad 1403 (2024),Experimental sciences,12.0,national,https://www.imna.ir/news/783176/,2026-10-01,false,press quoting head of the Centre for Evaluation and Quality Assurance (M. Zarei) / MoE; official statement not fetched directly. Sobhesahel 1398 vs 1402 comparison; IMNA 22 Aug 2024 for 1403,12,all,2,"IMNA (Zarei); also Shahrara, Faraz, Khabaronline, Borna, Tabnak slide"
Khordad 1403,Mathematics-physics,11.82,national,https://www.imna.ir/news/783176/,2026-10-01,false,press quoting head of the Centre for Evaluation and Quality Assurance (M. Zarei) / MoE; official statement not fetched directly. Sobhesahel 1398 vs 1402 comparison; IMNA 22 Aug 2024 for 1403,12,all,2,"IMNA (Zarei); also Shahrara, Faraz, Khabaronline, Borna, Tabnak slide"
Khordad 1403,Humanities,9.13,national,https://www.imna.ir/news/783176/,2026-10-01,false,press quoting head of the Centre for Evaluation and Quality Assurance (M. Zarei) / MoE; official statement not fetched directly. Sobhesahel 1398 vs 1402 comparison; IMNA 22 Aug 2024 for 1403,12,all,2,"IMNA (Zarei); also Shahrara, Faraz, Khabaronline, Borna, Tabnak slide"
Khordad 1403,Three fields combined (grade 12),10.98,national,https://www.tabnak.ir/fa/news/1262531/,2026-10-01,false,press quoting head of the Centre for Evaluation and Quality Assurance (M. Zarei) / MoE; official statement not fetched directly. Sobhesahel 1398 vs 1402 comparison; IMNA 22 Aug 2024 for 1403,12,all,1,"Tabnak (Zarei slide); also Shahrara, Iran daily"
Khordad 1399,Experimental sciences,13.73,national,https://www.tabnak.ir/fa/news/1211581/,2026-10-01,true,"Centre for Evaluation slide 'theoretical fields, Khordad 1402 vs previous years' reproduced by Tabnak 2023-12-22 (image 1748536); the 1398 and 1402 columns match Sobhesahel/Mashregh text quoting Zarei. Whether the label is the exam session or the academic year is not stated; 1398 and 1402 labels coincide with Khordad sessions.",12,all,2,Centre slide via Tabnak; the 1398 and 1402 columns also in Sobhesahel text
Khordad 1399,Mathematics-physics,13.5,national,https://www.tabnak.ir/fa/news/1211581/,2026-10-01,true,"Centre for Evaluation slide 'theoretical fields, Khordad 1402 vs previous years' reproduced by Tabnak 2023-12-22 (image 1748536); the 1398 and 1402 columns match Sobhesahel/Mashregh text quoting Zarei. Whether the label is the exam session or the academic year is not stated; 1398 and 1402 labels coincide with Khordad sessions.",12,all,2,Centre slide via Tabnak; the 1398 and 1402 columns also in Sobhesahel text
Khordad 1399,Humanities,11.34,national,https://www.tabnak.ir/fa/news/1211581/,2026-10-01,true,"Centre for Evaluation slide 'theoretical fields, Khordad 1402 vs previous years' reproduced by Tabnak 2023-12-22 (image 1748536); the 1398 and 1402 columns match Sobhesahel/Mashregh text quoting Zarei. Whether the label is the exam session or the academic year is not stated; 1398 and 1402 labels coincide with Khordad sessions.",12,all,2,Centre slide via Tabnak; the 1398 and 1402 columns also in Sobhesahel text
Khordad 1399,Islamic studies,12.86,national,https://www.tabnak.ir/fa/news/1211581/,2026-10-01,true,"Centre for Evaluation slide 'theoretical fields, Khordad 1402 vs previous years' reproduced by Tabnak 2023-12-22 (image 1748536); the 1398 and 1402 columns match Sobhesahel/Mashregh text quoting Zarei. Whether the label is the exam session or the academic year is not stated; 1398 and 1402 labels coincide with Khordad sessions.",12,all,2,Centre slide via Tabnak; the 1398 and 1402 columns also in Sobhesahel text
Khordad 1400,Experimental sciences,13.18,national,https://www.tabnak.ir/fa/news/1211581/,2026-10-01,true,"Centre for Evaluation slide 'theoretical fields, Khordad 1402 vs previous years' reproduced by Tabnak 2023-12-22 (image 1748536); the 1398 and 1402 columns match Sobhesahel/Mashregh text quoting Zarei. Whether the label is the exam session or the academic year is not stated; 1398 and 1402 labels coincide with Khordad sessions.",12,all,2,Centre slide via Tabnak; the 1398 and 1402 columns also in Sobhesahel text
Khordad 1400,Mathematics-physics,12.35,national,https://www.tabnak.ir/fa/news/1211581/,2026-10-01,true,"Centre for Evaluation slide 'theoretical fields, Khordad 1402 vs previous years' reproduced by Tabnak 2023-12-22 (image 1748536); the 1398 and 1402 columns match Sobhesahel/Mashregh text quoting Zarei. Whether the label is the exam session or the academic year is not stated; 1398 and 1402 labels coincide with Khordad sessions.",12,all,2,Centre slide via Tabnak; the 1398 and 1402 columns also in Sobhesahel text
Khordad 1400,Humanities,10.42,national,https://www.tabnak.ir/fa/news/1211581/,2026-10-01,true,"Centre for Evaluation slide 'theoretical fields, Khordad 1402 vs previous years' reproduced by Tabnak 2023-12-22 (image 1748536); the 1398 and 1402 columns match Sobhesahel/Mashregh text quoting Zarei. Whether the label is the exam session or the academic year is not stated; 1398 and 1402 labels coincide with Khordad sessions.",12,all,2,Centre slide via Tabnak; the 1398 and 1402 columns also in Sobhesahel text
Khordad 1400,Islamic studies,12.04,national,https://www.tabnak.ir/fa/news/1211581/,2026-10-01,true,"Centre for Evaluation slide 'theoretical fields, Khordad 1402 vs previous years' reproduced by Tabnak 2023-12-22 (image 1748536); the 1398 and 1402 columns match Sobhesahel/Mashregh text quoting Zarei. Whether the label is the exam session or the academic year is not stated; 1398 and 1402 labels coincide with Khordad sessions.",12,all,2,Centre slide via Tabnak; the 1398 and 1402 columns also in Sobhesahel text
Khordad 1401,Experimental sciences,13.02,national,https://www.tabnak.ir/fa/news/1211581/,2026-10-01,true,"Centre for Evaluation slide 'theoretical fields, Khordad 1402 vs previous years' reproduced by Tabnak 2023-12-22 (image 1748536); the 1398 and 1402 columns match Sobhesahel/Mashregh text quoting Zarei. Whether the label is the exam session or the academic year is not stated; 1398 and 1402 labels coincide with Khordad sessions.",12,all,2,Centre slide via Tabnak; the 1398 and 1402 columns also in Sobhesahel text
Khordad 1401,Mathematics-physics,12.64,national,https://www.tabnak.ir/fa/news/1211581/,2026-10-01,true,"Centre for Evaluation slide 'theoretical fields, Khordad 1402 vs previous years' reproduced by Tabnak 2023-12-22 (image 1748536); the 1398 and 1402 columns match Sobhesahel/Mashregh text quoting Zarei. Whether the label is the exam session or the academic year is not stated; 1398 and 1402 labels coincide with Khordad sessions.",12,all,2,Centre slide via Tabnak; the 1398 and 1402 columns also in Sobhesahel text
Khordad 1401,Humanities,10.2,national,https://www.tabnak.ir/fa/news/1211581/,2026-10-01,true,"Centre for Evaluation slide 'theoretical fields, Khordad 1402 vs previous years' reproduced by Tabnak 2023-12-22 (image 1748536); the 1398 and 1402 columns match Sobhesahel/Mashregh text quoting Zarei. Whether the label is the exam session or the academic year is not stated; 1398 and 1402 labels coincide with Khordad sessions.",12,all,2,Centre slide via Tabnak; the 1398 and 1402 columns also in Sobhesahel text
Khordad 1401,Islamic studies,12.01,national,https://www.tabnak.ir/fa/news/1211581/,2026-10-01,true,"Centre for Evaluation slide 'theoretical fields, Khordad 1402 vs previous years' reproduced by Tabnak 2023-12-22 (image 1748536); the 1398 and 1402 columns match Sobhesahel/Mashregh text quoting Zarei. Whether the label is the exam session or the academic year is not stated; 1398 and 1402 labels coincide with Khordad sessions.",12,all,2,Centre slide via Tabnak; the 1398 and 1402 columns also in Sobhesahel text
Khordad 1402 (2023),Four theoretical fields combined,10.02,national,https://sobhesahel.com/news/104493/,2026-10-01,false,Zarei: theoretical branch mean fell from 11.62 (1401) to 10.02 (1402). This is the all-four-field figure and includes Islamic studies. The three-field figure 10.26 (1402) appears in the 1403 comparison; the two are not the same population.,12,all,2,Sobhesahel; Entekhab/IRNA (Fars official)
Khordad 1401 (2022),Theoretical branch combined,11.62,national,https://www.entekhab.ir/fa/news/757218/,2026-10-01,false,Zarei via Sobhesahel; also stated by the Fars Education Dept (IRNA/Entekhab) when comparing Fars 11.09 to a national 11.62.,12,all,2,Sobhesahel; Fars Education Dept via IRNA/Entekhab
Khordad 1402 (2023),Three fields combined (grade 12),10.26,national,https://www.tabnak.ir/fa/news/1262531/,2026-10-01,true,"Zarei, Sept 2024, as the base for the 1403 comparison (11.23, 10.79, 8.75 by field). Official slide in the Tabnak 1262531 image 1887577.",12,all,4,"Zarei in Shahrara, Faraz, Khabaronline, Borna; Centre slide in Tabnak"
Khordad 1403 (2024),Mathematics-physics,12.97,national,https://shahraranews.ir/fa/news/249830/,2026-10-01,true,"Zarei, 2024-09-08 press conference: girls outperform boys.",12,female,4,"Zarei in Shahrara, Faraz, Khabaronline, Borna"
Khordad 1403 (2024),Experimental sciences,12.44,national,https://shahraranews.ir/fa/news/249830/,2026-10-01,true,"Zarei, 2024-09-08 press conference: girls outperform boys.",12,female,4,"Zarei in Shahrara, Faraz, Khabaronline, Borna"
Khordad 1403 (2024),Humanities,10.17,national,https://shahraranews.ir/fa/news/249830/,2026-10-01,true,"Zarei, 2024-09-08 press conference: girls outperform boys.",12,female,4,"Zarei in Shahrara, Faraz, Khabaronline, Borna"
Khordad 1403 (2024),Mathematics-physics,11.24,national,https://shahraranews.ir/fa/news/249830/,2026-10-01,true,"Zarei, 2024-09-08. Gender gap 1.7 (maths), 1.2 (experimental), 2.4 (humanities).",12,male,4,"Zarei in Shahrara, Faraz, Khabaronline, Borna"
Khordad 1403 (2024),Experimental sciences,11.27,national,https://shahraranews.ir/fa/news/249830/,2026-10-01,true,"Zarei, 2024-09-08. Gender gap 1.7 (maths), 1.2 (experimental), 2.4 (humanities).",12,male,4,"Zarei in Shahrara, Faraz, Khabaronline, Borna"
Khordad 1403 (2024),Humanities,7.73,national,https://shahraranews.ir/fa/news/249830/,2026-10-01,true,"Zarei, 2024-09-08. Gender gap 1.7 (maths), 1.2 (experimental), 2.4 (humanities).",12,male,4,"Zarei in Shahrara, Faraz, Khabaronline, Borna"
Khordad 1403 (2024),Mathematics-physics,11.94,national,https://shahraranews.ir/fa/news/249830/,2026-10-01,true,"Zarei. Slide 1887578 (Tabnak) says these are totals over grades 10, 11, 12 combined, while Zarei in the press speaks of grade 12; Borna prints 11.96 for state maths vs 11.94 elsewhere. Treat as pooled grades 10-12.",12,state schools,4,"Zarei in Shahrara, Faraz, Khabaronline, Borna; Tabnak slide"
Khordad 1403 (2024),Mathematics-physics,11.62,national,https://shahraranews.ir/fa/news/249830/,2026-10-01,true,"Zarei. Slide 1887578 (Tabnak) says these are totals over grades 10, 11, 12 combined, while Zarei in the press speaks of grade 12; Borna prints 11.96 for state maths vs 11.94 elsewhere. Treat as pooled grades 10-12.",12,non-state schools,4,"Zarei in Shahrara, Faraz, Khabaronline, Borna; Tabnak slide"
Khordad 1403 (2024),Experimental sciences,12.28,national,https://shahraranews.ir/fa/news/249830/,2026-10-01,true,"Zarei. Slide 1887578 (Tabnak) says these are totals over grades 10, 11, 12 combined, while Zarei in the press speaks of grade 12; Borna prints 11.96 for state maths vs 11.94 elsewhere. Treat as pooled grades 10-12.",12,state schools,4,"Zarei in Shahrara, Faraz, Khabaronline, Borna; Tabnak slide"
Khordad 1403 (2024),Experimental sciences,11.16,national,https://shahraranews.ir/fa/news/249830/,2026-10-01,true,"Zarei. Slide 1887578 (Tabnak) says these are totals over grades 10, 11, 12 combined, while Zarei in the press speaks of grade 12; Borna prints 11.96 for state maths vs 11.94 elsewhere. Treat as pooled grades 10-12.",12,non-state schools,4,"Zarei in Shahrara, Faraz, Khabaronline, Borna; Tabnak slide"
Khordad 1403 (2024),Humanities,9.25,national,https://shahraranews.ir/fa/news/249830/,2026-10-01,true,"Zarei. Slide 1887578 (Tabnak) says these are totals over grades 10, 11, 12 combined, while Zarei in the press speaks of grade 12; Borna prints 11.96 for state maths vs 11.94 elsewhere. Treat as pooled grades 10-12.",12,state schools,4,"Zarei in Shahrara, Faraz, Khabaronline, Borna; Tabnak slide"
Khordad 1403 (2024),Humanities,8.71,national,https://shahraranews.ir/fa/news/249830/,2026-10-01,true,"Zarei. Slide 1887578 (Tabnak) says these are totals over grades 10, 11, 12 combined, while Zarei in the press speaks of grade 12; Borna prints 11.96 for state maths vs 11.94 elsewhere. Treat as pooled grades 10-12.",12,non-state schools,4,"Zarei in Shahrara, Faraz, Khabaronline, Borna; Tabnak slide"
Khordad 1403 (2024),Islamic studies,10.57,national,https://irannewspaper.ir/8755/13/123817,2026-10-01,false,"Iran daily (Rafiei interview, deputy director general of secondary education) quotes maths 11.83, experimental 12.01, humanities 9.13: 0.01 above the Centre for two fields.",12,all,1,Iran daily
Khordad 1403 (2024),Experimental sciences,12.64,national,https://www.tabnak.ir/fa/news/1262531/,2026-10-01,true,Grade 10 mean (Centre slide 1887576). Grade 11 = 11.52.,10,all,5,"Zarei in Shahrara, Faraz, Khabaronline, Borna; Tabnak slide"
Khordad 1403 (2024),Experimental sciences,11.52,national,https://www.tabnak.ir/fa/news/1262531/,2026-10-01,true,Grade 11 mean (Centre slide 1887576).,11,all,5,"Zarei in Shahrara, Faraz, Khabaronline, Borna; Tabnak slide"
Khordad 1403 (2024),Mathematics-physics,12.69,national,https://www.tabnak.ir/fa/news/1262531/,2026-10-01,true,Grade 10 mean (Centre slide 1887576). Grade 11 = 11.26.,10,all,5,"Zarei in Shahrara, Faraz, Khabaronline, Borna; Tabnak slide"
Khordad 1403 (2024),Mathematics-physics,11.26,national,https://www.tabnak.ir/fa/news/1262531/,2026-10-01,true,Grade 11 mean (Centre slide 1887576).,11,all,5,"Zarei in Shahrara, Faraz, Khabaronline, Borna; Tabnak slide"
Khordad 1403 (2024),Humanities,9.44,national,https://www.tabnak.ir/fa/news/1262531/,2026-10-01,true,Grade 10 mean (Centre slide 1887576). Grade 11 = 9.07.,10,all,5,"Zarei in Shahrara, Faraz, Khabaronline, Borna; Tabnak slide"
Khordad 1403 (2024),Humanities,9.07,national,https://www.tabnak.ir/fa/news/1262531/,2026-10-01,true,Grade 11 mean (Centre slide 1887576).,11,all,5,"Zarei in Shahrara, Faraz, Khabaronline, Borna; Tabnak slide"
Khordad 1403 (2024),Three fields combined,11.59,national,https://www.tabnak.ir/fa/news/1262531/,2026-10-01,true,Grade 10 mean (Centre slide 1887576). Grade 11 = 10.62.,10,all,5,"Zarei in Shahrara, Faraz, Khabaronline, Borna; Tabnak slide"
Khordad 1403 (2024),Three fields combined,10.62,national,https://www.tabnak.ir/fa/news/1262531/,2026-10-01,true,Grade 11 mean (Centre slide 1887576).,11,all,5,"Zarei in Shahrara, Faraz, Khabaronline, Borna; Tabnak slide"
Khordad 1403 (2024),Country mean quoted with the Chaharmahal result,10.6,national,https://www.imna.ir/news/814790/,2026-10-01,false,"Chaharmahal Education DG says the country mean in that exam was 10.6 vs the Centre three-field figure 10.98. 10.6 recurs as the 1403 base in the minister (Aban 1404): ""from 10.60 to 10.15"". Probably all fields incl. Islamic studies: unverified.",12,all,2,IMNA (provincial DG); Fararu/Khorasan daily (minister)
Khordad 1404 (2025),Experimental sciences,11.3,national,https://www.tabnak.ir/fa/news/1327260/,2026-10-01,false,"Zarei press conference 2025-09-07. Change vs the same students in grade 11 (Tabnak): humanities -0.42, experimental -0.22, maths +0.25, Islamic studies -0.21. YJC reports instead humanities -0.16, experimental -0.22, Islamic studies -0.14, maths +0.25 and an overall -0.21 vs the previous year: the two reports disagree on humanities and Islamic studies.",12,all,3,"Tabnak, Fararu (same text), YJC"
Khordad 1404 (2025),Mathematics-physics,11.51,national,https://www.tabnak.ir/fa/news/1327260/,2026-10-01,false,"Zarei press conference 2025-09-07. Change vs the same students in grade 11 (Tabnak): humanities -0.42, experimental -0.22, maths +0.25, Islamic studies -0.21. YJC reports instead humanities -0.16, experimental -0.22, Islamic studies -0.14, maths +0.25 and an overall -0.21 vs the previous year: the two reports disagree on humanities and Islamic studies.",12,all,3,"Tabnak, Fararu (same text), YJC"
Khordad 1404 (2025),Islamic studies,10.9,national,https://www.tabnak.ir/fa/news/1327260/,2026-10-01,false,"Zarei press conference 2025-09-07. Change vs the same students in grade 11 (Tabnak): humanities -0.42, experimental -0.22, maths +0.25, Islamic studies -0.21. YJC reports instead humanities -0.16, experimental -0.22, Islamic studies -0.14, maths +0.25 and an overall -0.21 vs the previous year: the two reports disagree on humanities and Islamic studies.",12,all,3,"Tabnak, Fararu (same text), YJC"
Khordad 1404 (2025),Humanities,8.65,national,https://www.tabnak.ir/fa/news/1327260/,2026-10-01,false,"Zarei press conference 2025-09-07. Change vs the same students in grade 11 (Tabnak): humanities -0.42, experimental -0.22, maths +0.25, Islamic studies -0.21. YJC reports instead humanities -0.16, experimental -0.22, Islamic studies -0.14, maths +0.25 and an overall -0.21 vs the previous year: the two reports disagree on humanities and Islamic studies.",12,all,3,"Tabnak, Fararu (same text), YJC"
Khordad 1404 (2025),All fields incl. Islamic studies (grade 12),10.15,national,https://fararu.com/fa/news/997580/,2026-10-01,false,"Minister of Education, Aban 1404, as quoted by Fararu/Khorasan daily 2026-08-27: ""from 10.60 to 10.15"". The same article gives grade 10 = 11.12, grade 11 = 10.36, grade 12 = 10.60 for 1404, which contradicts the 10.15 it also quotes; 10.60 is probably the 1403 grade-12 base. Zarei (Tabnak) also says 1404 did not grow.",12,all,3,"Fararu/Khorasan, Tabnak, Ino/ISNA (adviser says ""8 to 10"")"
Khordad 1404 (2025),Grade 10 / grade 11 means (as printed),11.12,national,https://fararu.com/fa/news/997580/,2026-10-01,false,"Grade 10 mean 11.12, grade 11 mean 10.36 for 1404 per Fararu 2026-08-27. Unclear which students; unverified.",10,all,1,Fararu/Khorasan
Khordad 1402 (2023),Mean of 31 provincial values (not a national statistic),9.956,national,https://namnak.com/iranian-final-exam-results.p107989,2026-10-01,false,"Unweighted mean of the Namnak table; Shargh values give 9.944 which is the ""9.94 national"" printed on the Shargh infographic. Neither is a Ministry national figure; the Ministry figures are 10.26 (3 fields) and 10.02 (4 fields).",12,all,2,Namnak; Shargh
Dey sessions 1397-1404,(none found),,national,,2026-10-01,false,"No national or provincial Dey-session means were located in press, Ministry or Centre pages; 2024-09 and later press quote only Khordad sessions. 1397 and pre-1398 values also not found. Grade-11 and grade-10 national means exist only for Khordad 1403 (rows above); provincial values for those grades were not found.",12,all,0,
