year_sh,round,province_code,province_fa,total_candidates,math_tech,experimental,humanities,art,foreign_languages,geography,source_url,retrieved,verified,note
1404,2,AZS,آذربایجان شرقی,42787,5694,22299,10787,1377,2630,province,https://ana.ir/fa/news/985180/,2026-10-01,false,press (ANA) quoting Sanjesh announcement; row sums to total; Sanjesh original not fetched; excludes 191 out-of-country candidates
1404,2,AZG,آذربایجان غربی,34629,2422,19833,9352,923,2099,province,https://ana.ir/fa/news/985180/,2026-10-01,false,press (ANA) quoting Sanjesh announcement; row sums to total; Sanjesh original not fetched; excludes 191 out-of-country candidates
1404,2,ARD,اردبیل,15717,1208,8999,4034,510,966,province,https://ana.ir/fa/news/985180/,2026-10-01,false,press (ANA) quoting Sanjesh announcement; row sums to total; Sanjesh original not fetched; excludes 191 out-of-country candidates
1404,2,ISF,اصفهان,49203,8504,21918,11720,3360,3701,province,https://ana.ir/fa/news/985180/,2026-10-01,false,press (ANA) quoting Sanjesh announcement; row sums to total; Sanjesh original not fetched; excludes 191 out-of-country candidates
1404,2,ALB,البرز,25787,5405,11516,5202,1463,2201,province,https://ana.ir/fa/news/985180/,2026-10-01,false,press (ANA) quoting Sanjesh announcement; row sums to total; Sanjesh original not fetched; excludes 191 out-of-country candidates
1404,2,ILM,ایلام,9955,604,6171,2528,212,440,province,https://ana.ir/fa/news/985180/,2026-10-01,false,press (ANA) quoting Sanjesh announcement; row sums to total; Sanjesh original not fetched; excludes 191 out-of-country candidates
1404,2,BSH,بوشهر,12114,2006,5606,3008,473,1021,province,https://ana.ir/fa/news/985180/,2026-10-01,false,press (ANA) quoting Sanjesh announcement; row sums to total; Sanjesh original not fetched; excludes 191 out-of-country candidates
1404,2,THR,تهران,125885,30659,47169,25659,9229,13169,province,https://ana.ir/fa/news/985180/,2026-10-01,false,press (ANA) quoting Sanjesh announcement; row sums to total; Sanjesh original not fetched; excludes 191 out-of-country candidates
1404,2,CHB,چهارمحال و بختیاری,13433,1340,6558,4305,550,680,province,https://ana.ir/fa/news/985180/,2026-10-01,false,press (ANA) quoting Sanjesh announcement; row sums to total; Sanjesh original not fetched; excludes 191 out-of-country candidates
1404,2,KHJ,خراسان جنوبی,8918,909,3980,2924,607,498,province,https://ana.ir/fa/news/985180/,2026-10-01,false,press (ANA) quoting Sanjesh announcement; row sums to total; Sanjesh original not fetched; excludes 191 out-of-country candidates
1404,2,KHR,خراسان رضوی,64217,8684,30149,18155,3171,4058,province,https://ana.ir/fa/news/985180/,2026-10-01,false,press (ANA) quoting Sanjesh announcement; row sums to total; Sanjesh original not fetched; excludes 191 out-of-country candidates
1404,2,KHS,خراسان شمالی,10218,953,4867,3347,447,604,province,https://ana.ir/fa/news/985180/,2026-10-01,false,press (ANA) quoting Sanjesh announcement; row sums to total; Sanjesh original not fetched; excludes 191 out-of-country candidates
1404,2,KHZ,خوزستان,46979,4750,25604,12486,1413,2726,province,https://ana.ir/fa/news/985180/,2026-10-01,false,press (ANA) quoting Sanjesh announcement; row sums to total; Sanjesh original not fetched; excludes 191 out-of-country candidates
1404,2,ZNJ,زنجان,11560,1412,5757,3071,435,885,province,https://ana.ir/fa/news/985180/,2026-10-01,false,press (ANA) quoting Sanjesh announcement; row sums to total; Sanjesh original not fetched; excludes 191 out-of-country candidates
1404,2,SMN,سمنان,7308,1250,2987,2021,487,563,province,https://ana.ir/fa/news/985180/,2026-10-01,false,press (ANA) quoting Sanjesh announcement; row sums to total; Sanjesh original not fetched; excludes 191 out-of-country candidates
1404,2,SBL,سیستان و بلوچستان,25497,1301,11292,10880,952,1072,province,https://ana.ir/fa/news/985180/,2026-10-01,false,press (ANA) quoting Sanjesh announcement; row sums to total; Sanjesh original not fetched; excludes 191 out-of-country candidates
1404,2,FRS,فارس,54144,6685,29352,12621,2168,3318,province,https://ana.ir/fa/news/985180/,2026-10-01,false,press (ANA) quoting Sanjesh announcement; row sums to total; Sanjesh original not fetched; excludes 191 out-of-country candidates
1404,2,QZV,قزوین,11760,1503,5795,3278,468,716,province,https://ana.ir/fa/news/985180/,2026-10-01,false,press (ANA) quoting Sanjesh announcement; row sums to total; Sanjesh original not fetched; excludes 191 out-of-country candidates
1404,2,QOM,قم,13151,2024,6176,3477,632,842,province,https://ana.ir/fa/news/985180/,2026-10-01,false,press (ANA) quoting Sanjesh announcement; row sums to total; Sanjesh original not fetched; excludes 191 out-of-country candidates
1404,2,KRD,کردستان,18316,1624,9209,5471,662,1350,province,https://ana.ir/fa/news/985180/,2026-10-01,false,press (ANA) quoting Sanjesh announcement; row sums to total; Sanjesh original not fetched; excludes 191 out-of-country candidates
1404,2,KRM,کرمان,30515,4346,14304,8186,1726,1953,province,https://ana.ir/fa/news/985180/,2026-10-01,false,press (ANA) quoting Sanjesh announcement; row sums to total; Sanjesh original not fetched; excludes 191 out-of-country candidates
1404,2,KSH,کرمانشاه,27072,2133,15779,7255,611,1294,province,https://ana.ir/fa/news/985180/,2026-10-01,false,press (ANA) quoting Sanjesh announcement; row sums to total; Sanjesh original not fetched; excludes 191 out-of-country candidates
1404,2,KBA,کهگیلویه و بویراحمد,12958,715,8002,3510,284,447,province,https://ana.ir/fa/news/985180/,2026-10-01,false,press (ANA) quoting Sanjesh announcement; row sums to total; Sanjesh original not fetched; excludes 191 out-of-country candidates
1404,2,GLS,گلستان,17895,1289,9826,5189,523,1068,province,https://ana.ir/fa/news/985180/,2026-10-01,false,press (ANA) quoting Sanjesh announcement; row sums to total; Sanjesh original not fetched; excludes 191 out-of-country candidates
1404,2,GIL,گیلان,20877,2802,9899,5277,984,1915,province,https://ana.ir/fa/news/985180/,2026-10-01,false,press (ANA) quoting Sanjesh announcement; row sums to total; Sanjesh original not fetched; excludes 191 out-of-country candidates
1404,2,LRS,لرستان,24073,1406,14750,6380,591,946,province,https://ana.ir/fa/news/985180/,2026-10-01,false,press (ANA) quoting Sanjesh announcement; row sums to total; Sanjesh original not fetched; excludes 191 out-of-country candidates
1404,2,MZN,مازندران,29567,4729,14192,7013,1240,2393,province,https://ana.ir/fa/news/985180/,2026-10-01,false,press (ANA) quoting Sanjesh announcement; row sums to total; Sanjesh original not fetched; excludes 191 out-of-country candidates
1404,2,MRK,مرکزی,13526,1846,6660,3454,601,965,province,https://ana.ir/fa/news/985180/,2026-10-01,false,press (ANA) quoting Sanjesh announcement; row sums to total; Sanjesh original not fetched; excludes 191 out-of-country candidates
1404,2,HRM,هرمزگان,14582,2362,6350,4222,646,1002,province,https://ana.ir/fa/news/985180/,2026-10-01,false,press (ANA) quoting Sanjesh announcement; row sums to total; Sanjesh original not fetched; excludes 191 out-of-country candidates
1404,2,HMD,همدان,18101,2046,9619,4757,665,1014,province,https://ana.ir/fa/news/985180/,2026-10-01,false,press (ANA) quoting Sanjesh announcement; row sums to total; Sanjesh original not fetched; excludes 191 out-of-country candidates
1404,2,YZD,یزد,12018,2010,4760,3343,1062,843,province,https://ana.ir/fa/news/985180/,2026-10-01,false,press (ANA) quoting Sanjesh announcement; row sums to total; Sanjesh original not fetched; excludes 191 out-of-country candidates
