study,grade,subject,year,avg_scale_score,std_error,geography,source_url,retrieved,verified,note
TIMSS,4,mathematics,2023,420,4.2,national,https://timss2023.org/wp-content/uploads/2024/11/1-1-10_ach-g4m-trend-table.xlsx,2026-10-01,true,values as printed in TIMSS 2023 International Results trend exhibits (2023-scale); psi: reservations about reliability (15-25% of students below estimable level)
TIMSS,4,mathematics,2019,443,3.9,national,https://timss2023.org/wp-content/uploads/2024/11/1-1-10_ach-g4m-trend-table.xlsx,2026-10-01,true,values as printed in TIMSS 2023 International Results trend exhibits (2023-scale)
TIMSS,4,mathematics,2015,431,3.2,national,https://timss2023.org/wp-content/uploads/2024/11/1-1-10_ach-g4m-trend-table.xlsx,2026-10-01,true,values as printed in TIMSS 2023 International Results trend exhibits (2023-scale)
TIMSS,4,mathematics,2011,431,3.5,national,https://timss2023.org/wp-content/uploads/2024/11/1-1-10_ach-g4m-trend-table.xlsx,2026-10-01,true,values as printed in TIMSS 2023 International Results trend exhibits (2023-scale)
TIMSS,4,mathematics,2007,402,4.0,national,https://timss2023.org/wp-content/uploads/2024/11/1-1-10_ach-g4m-trend-table.xlsx,2026-10-01,true,values as printed in TIMSS 2023 International Results trend exhibits (2023-scale)
TIMSS,4,mathematics,2003,389,4.2,national,https://timss2023.org/wp-content/uploads/2024/11/1-1-10_ach-g4m-trend-table.xlsx,2026-10-01,true,values as printed in TIMSS 2023 International Results trend exhibits (2023-scale); footnote 2 in source (population coverage note; see TIMSS 2003 appendix)
TIMSS,4,mathematics,1995,387,4.9,national,https://timss2023.org/wp-content/uploads/2024/11/1-1-10_ach-g4m-trend-table.xlsx,2026-10-01,true,values as printed in TIMSS 2023 International Results trend exhibits (2023-scale)
TIMSS,8,mathematics,2023,423,3.6,national,https://timss2023.org/wp-content/uploads/2024/11/1-2-10_ach-g8m-trend-table.xlsx,2026-10-01,true,values as printed in TIMSS 2023 International Results trend exhibits (2023-scale); psi: reservations about reliability
TIMSS,8,mathematics,2019,446,3.7,national,https://timss2023.org/wp-content/uploads/2024/11/1-2-10_ach-g8m-trend-table.xlsx,2026-10-01,true,values as printed in TIMSS 2023 International Results trend exhibits (2023-scale)
TIMSS,8,mathematics,2015,436,4.6,national,https://timss2023.org/wp-content/uploads/2024/11/1-2-10_ach-g8m-trend-table.xlsx,2026-10-01,true,values as printed in TIMSS 2023 International Results trend exhibits (2023-scale); psi: reservations about reliability
TIMSS,8,mathematics,2011,415,4.3,national,https://timss2023.org/wp-content/uploads/2024/11/1-2-10_ach-g8m-trend-table.xlsx,2026-10-01,true,values as printed in TIMSS 2023 International Results trend exhibits (2023-scale); psi: reservations about reliability
TIMSS,8,mathematics,2007,403,4.1,national,https://timss2023.org/wp-content/uploads/2024/11/1-2-10_ach-g8m-trend-table.xlsx,2026-10-01,true,values as printed in TIMSS 2023 International Results trend exhibits (2023-scale)
TIMSS,8,mathematics,2003,411,2.4,national,https://timss2023.org/wp-content/uploads/2024/11/1-2-10_ach-g8m-trend-table.xlsx,2026-10-01,true,values as printed in TIMSS 2023 International Results trend exhibits (2023-scale); footnote 2 in source
TIMSS,8,mathematics,1999,422,3.4,national,https://timss2023.org/wp-content/uploads/2024/11/1-2-10_ach-g8m-trend-table.xlsx,2026-10-01,true,values as printed in TIMSS 2023 International Results trend exhibits (2023-scale)
TIMSS,8,mathematics,1995,418,3.9,national,https://timss2023.org/wp-content/uploads/2024/11/1-2-10_ach-g8m-trend-table.xlsx,2026-10-01,true,values as printed in TIMSS 2023 International Results trend exhibits (2023-scale)
TIMSS,4,science,2023,432,4.5,national,https://timss2023.org/wp-content/uploads/2024/11/2-1-10_ach-g4s-trend-table.xlsx,2026-10-01,true,values as printed in TIMSS 2023 International Results trend exhibits (2023-scale)
TIMSS,4,science,2019,441,4.1,national,https://timss2023.org/wp-content/uploads/2024/11/2-1-10_ach-g4s-trend-table.xlsx,2026-10-01,true,values as printed in TIMSS 2023 International Results trend exhibits (2023-scale)
TIMSS,4,science,2015,421,4.0,national,https://timss2023.org/wp-content/uploads/2024/11/2-1-10_ach-g4s-trend-table.xlsx,2026-10-01,true,values as printed in TIMSS 2023 International Results trend exhibits (2023-scale)
TIMSS,4,science,2011,453,3.8,national,https://timss2023.org/wp-content/uploads/2024/11/2-1-10_ach-g4s-trend-table.xlsx,2026-10-01,true,values as printed in TIMSS 2023 International Results trend exhibits (2023-scale)
TIMSS,4,science,2007,436,4.4,national,https://timss2023.org/wp-content/uploads/2024/11/2-1-10_ach-g4s-trend-table.xlsx,2026-10-01,true,values as printed in TIMSS 2023 International Results trend exhibits (2023-scale)
TIMSS,4,science,2003,414,4.2,national,https://timss2023.org/wp-content/uploads/2024/11/2-1-10_ach-g4s-trend-table.xlsx,2026-10-01,true,values as printed in TIMSS 2023 International Results trend exhibits (2023-scale); footnote 2 in source
TIMSS,4,science,1995,380,4.6,national,https://timss2023.org/wp-content/uploads/2024/11/2-1-10_ach-g4s-trend-table.xlsx,2026-10-01,true,values as printed in TIMSS 2023 International Results trend exhibits (2023-scale)
TIMSS,8,science,2023,419,3.6,national,https://timss2023.org/wp-content/uploads/2024/11/2-2-10_ach-g8s-trend-table.xlsx,2026-10-01,true,values as printed in TIMSS 2023 International Results trend exhibits (2023-scale)
TIMSS,8,science,2019,449,3.6,national,https://timss2023.org/wp-content/uploads/2024/11/2-2-10_ach-g8s-trend-table.xlsx,2026-10-01,true,values as printed in TIMSS 2023 International Results trend exhibits (2023-scale)
TIMSS,8,science,2015,456,4.0,national,https://timss2023.org/wp-content/uploads/2024/11/2-2-10_ach-g8s-trend-table.xlsx,2026-10-01,true,values as printed in TIMSS 2023 International Results trend exhibits (2023-scale)
TIMSS,8,science,2011,474,4.0,national,https://timss2023.org/wp-content/uploads/2024/11/2-2-10_ach-g8s-trend-table.xlsx,2026-10-01,true,values as printed in TIMSS 2023 International Results trend exhibits (2023-scale)
TIMSS,8,science,2007,459,3.7,national,https://timss2023.org/wp-content/uploads/2024/11/2-2-10_ach-g8s-trend-table.xlsx,2026-10-01,true,values as printed in TIMSS 2023 International Results trend exhibits (2023-scale)
TIMSS,8,science,2003,453,2.4,national,https://timss2023.org/wp-content/uploads/2024/11/2-2-10_ach-g8s-trend-table.xlsx,2026-10-01,true,values as printed in TIMSS 2023 International Results trend exhibits (2023-scale); footnote 2 in source
TIMSS,8,science,1999,448,3.8,national,https://timss2023.org/wp-content/uploads/2024/11/2-2-10_ach-g8s-trend-table.xlsx,2026-10-01,true,values as printed in TIMSS 2023 International Results trend exhibits (2023-scale)
TIMSS,8,science,1995,463,3.7,national,https://timss2023.org/wp-content/uploads/2024/11/2-2-10_ach-g8s-trend-table.xlsx,2026-10-01,true,values as printed in TIMSS 2023 International Results trend exhibits (2023-scale)
