indicator_scope,definition,period_type,period,sex,unemployment_rate_pct,share_of_unemployed_pct,share_of_employed_pct,unemployed_graduates_count,source_url,original_publisher,retrieved,quality,verified,note
national,graduates OR current students of higher-education courses (old definition; NOT comparable with later rows),year,1395,both,20.0,,,,https://www.tabnak.ir/fa/news/745993,Statistical Centre of Iran / Min. of Labour via Tabnak/Mehr,2026-10-01,press/secondary,false,Tabnak 19 Aban 1396 article; 'graduate or studying' definition
national,graduates OR current students of higher-education courses (old definition; NOT comparable with later rows),year,1395,male,14.1,,,,https://www.tabnak.ir/fa/news/745993,as above,2026-10-01,press/secondary,false,
national,graduates OR current students of higher-education courses (old definition; NOT comparable with later rows),year,1395,female,31.1,,,,https://www.tabnak.ir/fa/news/745993,as above,2026-10-01,press/secondary,false,
national,graduates OR current students of higher-education courses (old definition; NOT comparable with later rows),year,1396,both,19.4,43.0,,,https://www.eghtesadonline.com/fa/news/326126,SCI via Eghtesadonline,2026-10-01,press/secondary,false,"about 1,379k unemployed graduates; same article gives 1395=20.0"
national,graduates OR current students of higher-education courses (old definition; NOT comparable with later rows),year,1397,both,18.3,,,,web search summary (original article URL not isolated),SCI via press,2026-10-01,press/secondary,false,Found only in a search-engine summary; original article not isolated; confirm before use
national,graduates OR current students of higher-education courses (old definition; NOT comparable with later rows),year,1397,male,13.1,,,,web search summary (original article URL not isolated),SCI via press,2026-10-01,press/secondary,false,as above
national,graduates OR current students of higher-education courses (old definition; NOT comparable with later rows),year,1397,female,28.7,,,,web search summary (original article URL not isolated),SCI via press,2026-10-01,press/secondary,false,as above
national,"graduates of higher education aged 15+ (labour-force survey, post-redefinition)",year,1399,both,14.2,38.9,,,https://www.etemadonline.com/%D8%A8%D8%AE%D8%B4-%D8%A7%D9%82%D8%AA%D8%B5%D8%A7%D8%AF%DB%8C-22/555208,derived from Etemad: 1400 value 13.6 'down 0.6 vs 1399',2026-10-01,press/secondary,false,DERIVED by adding the stated change to 1400; share 38.9 stated directly
national,"graduates of higher education aged 15+ (labour-force survey, post-redefinition)",year,1399,male,10.4,,,,https://www.etemadonline.com/%D8%A8%D8%AE%D8%B4-%D8%A7%D9%82%D8%AA%D8%B5%D8%A7%D8%AF%DB%8C-22/555208,derived: 1400 male 9.7 + 0.7,2026-10-01,press/secondary,false,DERIVED
national,"graduates of higher education aged 15+ (labour-force survey, post-redefinition)",year,1399,female,22.8,,,,https://www.etemadonline.com/%D8%A8%D8%AE%D8%B4-%D8%A7%D9%82%D8%AA%D8%B5%D8%A7%D8%AF%DB%8C-22/555208,derived: 1400 female 22.8 'unchanged',2026-10-01,press/secondary,false,DERIVED
national,"graduates of higher education aged 15+ (labour-force survey, post-redefinition)",year,1400,both,13.6,40.3,,957271,https://www.etemadonline.com/%D8%A8%D8%AE%D8%B4-%D8%A7%D9%82%D8%AA%D8%B5%D8%A7%D8%AF%DB%8C-22/555208,SCI Labour Force Survey via Etemad,2026-10-01,press/secondary,false,"unemployed graduates 957,271"
national,"graduates of higher education aged 15+ (labour-force survey, post-redefinition)",year,1400,male,9.7,,,476658,https://www.etemadonline.com/%D8%A8%D8%AE%D8%B4-%D8%A7%D9%82%D8%AA%D8%B5%D8%A7%D8%AF%DB%8C-22/555208,same,2026-10-01,press/secondary,false,
national,"graduates of higher education aged 15+ (labour-force survey, post-redefinition)",year,1400,female,22.8,,,480613,https://www.etemadonline.com/%D8%A8%D8%AE%D8%B4-%D8%A7%D9%82%D8%AA%D8%B5%D8%A7%D8%AF%DB%8C-22/555208,same,2026-10-01,press/secondary,false,
national,"graduates of higher education aged 15+ (labour-force survey, post-redefinition)",year,1401,both,12.9,40.0,,938461,https://www.sharghdaily.com/%D8%A8%D8%AE%D8%B4-%D8%AC%D8%A7%D9%85%D8%B9%D9%87-220/881887,SCI Labour Force Survey via Shargh,2026-10-01,press/secondary,false,1401 whole year
national,"graduates of higher education aged 15+ (labour-force survey, post-redefinition)",year,1401,male,8.9,,,451336,https://www.sharghdaily.com/%D8%A8%D8%AE%D8%B4-%D8%AC%D8%A7%D9%85%D8%B9%D9%87-220/881887,same,2026-10-01,press/secondary,false,
national,"graduates of higher education aged 15+ (labour-force survey, post-redefinition)",year,1401,female,21.9,,,487125,https://www.sharghdaily.com/%D8%A8%D8%AE%D8%B4-%D8%AC%D8%A7%D9%85%D8%B9%D9%87-220/881887,same,2026-10-01,press/secondary,false,
national,"graduates of higher education aged 15+ (labour-force survey, post-redefinition)",year,1403,both,11.2,,,,https://iranstatis.com/downloads/A02010051/,SCI via iranstatis.com (paywalled dataset page header),2026-10-01,press/secondary,false,Page text: 'in 1403 ... 11.2%'. Consistent with mean of four 1403 quarters (11.25).
national,"graduates of higher education aged 15+ (labour-force survey, post-redefinition)",quarter,1401-Q2 summer,both,13.2,40.9,,955398,https://www.khabaronline.ir/news/1683546,SCI via Mehr/Khabaronline,2026-10-01,press/secondary,false,
national,"graduates of higher education aged 15+ (labour-force survey, post-redefinition)",quarter,1401-Q2 summer,male,9.7,,,441503,https://www.khabaronline.ir/news/1683546,same,2026-10-01,press/secondary,false,
national,"graduates of higher education aged 15+ (labour-force survey, post-redefinition)",quarter,1401-Q2 summer,female,23.2,,,513895,https://www.khabaronline.ir/news/1683546,same,2026-10-01,press/secondary,false,
national,"graduates of higher education aged 15+ (labour-force survey, post-redefinition)",quarter,1401-Q4 winter,both,12.8,37.2,,,https://www.asriran.com/fa/news/955580,derived,2026-10-01,press/secondary,false,DERIVED: 1402-Q4 value plus stated 1.2pt fall; share 39.0 minus stated 1.8pt rise
national,"graduates of higher education aged 15+ (labour-force survey, post-redefinition)",quarter,1402-Q1 spring,both,12.1,40.8,,,https://eghtesaad24.ir/fa/news/248877,derived,2026-10-01,press/secondary,false,rate DERIVED (1403-Q1 11.6 + stated 0.5 fall); share 43.0 minus stated 2.2 rise
national,"graduates of higher education aged 15+ (labour-force survey, post-redefinition)",quarter,1402-Q2 summer,both,12.0,42.8,,905149,https://www.eghtesadonline.com/fa/news/2012235,derived,2026-10-01,press/secondary,false,"rate DERIVED (1403-Q2 11.6 + 0.4); share DERIVED (43.9-1.1); count 905,149 stated"
national,"graduates of higher education aged 15+ (labour-force survey, post-redefinition)",quarter,1402-Q3 autumn,both,,42.8,,,web search summary (original article URL not isolated),SCI via press,2026-10-01,press/secondary,false,"share only, from search-engine summary; consistent with 1403-Q3 43.1 'up 0.3'"
national,"graduates of higher education aged 15+ (labour-force survey, post-redefinition)",quarter,1402-Q4 winter,both,11.6,39.0,27.8,,https://www.asriran.com/fa/news/955580,SCI Labour Force Survey abstract via Tasnim/Asr Iran,2026-10-01,press/secondary,false,also sharghdaily 924782
national,"graduates of higher education aged 15+ (labour-force survey, post-redefinition)",quarter,1403-Q1 spring,both,11.6,43.0,27.6,,https://eghtesaad24.ir/fa/news/248877,SCI via Eghtesaad24,2026-10-01,press/secondary,false,
national,"graduates of higher education aged 15+ (labour-force survey, post-redefinition)",quarter,1403-Q2 summer,both,11.6,43.9,27.2,897622,https://www.eghtesadonline.com/fa/news/2012235,SCI via Eghtesadonline,2026-10-01,press/secondary,false,"count 897,622"
national,"graduates of higher education aged 15+ (labour-force survey, post-redefinition)",quarter,1403-Q2 summer,male,8.0,,,,https://iranstatis.com/labor_market140302/,SCI via iranstatis.com,2026-10-01,press/secondary,false,
national,"graduates of higher education aged 15+ (labour-force survey, post-redefinition)",quarter,1403-Q2 summer,female,19.5,,,,https://iranstatis.com/labor_market140302/,SCI via iranstatis.com,2026-10-01,press/secondary,false,
national,"graduates of higher education aged 15+ (labour-force survey, post-redefinition)",quarter,1403-Q3 autumn,both,11.1,43.1,,,https://www.shahrekhabar.com/news/173622264080041,SCI via Aftab / Shahr-e Khabar,2026-10-01,press/secondary,false,rate 11.1 from search-engine summary of the same coverage
national,"graduates of higher education aged 15+ (labour-force survey, post-redefinition)",quarter,1403-Q3 autumn,male,7.4,,,,https://www.rokna.net/1082391,SCI via Rokna,2026-10-01,press/secondary,false,Rokna says 'educated men/women' (تحصیل‌کرده); assumed to be higher-education graduates; unconfirmed
national,"graduates of higher education aged 15+ (labour-force survey, post-redefinition)",quarter,1403-Q3 autumn,female,19.0,,,,https://www.rokna.net/1082391,SCI via Rokna,2026-10-01,press/secondary,false,as above
national,"graduates of higher education aged 15+ (labour-force survey, post-redefinition)",quarter,1403-Q4 winter,both,10.7,38.9,,795513,web search summary (original article URL not isolated),SCI via press,2026-10-01,press/secondary,false,from search-engine summary
national,"graduates of higher education aged 15+ (labour-force survey, post-redefinition)",quarter,1404-Q1 spring,both,10.4,40.0,27.1,,https://fararu.com/fa/news/883781,SCI via Fararu,2026-10-01,press/secondary,false,Rate down 1.2pt vs 1403-Q1 (11.6) as stated
