province_code,province,year,works,citations,intl_works,ai_works,edu_works,academic_staff,staff_basis,works_per_staff,works_per_staff_mixed_basis,nonazad_works,nonazad_works_per_staff_excl_azad,merged_with
ALB,Alborz,2000,23,16,0,0,0,,,,,3,,
ALB,Alborz,2011,362,4952,22,2,1,4191,excl_azad(fulltime+hourly)+azad(unspecified),,0.0864,10,0.0043,
ALB,Alborz,2012,507,6279,46,10,7,5577,excl_azad(fulltime+hourly)+azad(unspecified),,0.0909,70,0.0192,
ALB,Alborz,2013,533,9490,53,3,13,6823,excl_azad(fulltime+hourly)+azad(unspecified),,0.0781,133,0.0282,
ALB,Alborz,2014,734,11135,55,15,7,1749,all_reported_fulltime,0.4197,,233,,
ALB,Alborz,2015,803,10384,80,13,10,1801,all_reported_fulltime,0.4459,,266,,
ALB,Alborz,2016,940,18124,88,9,11,1720,all_reported_fulltime,0.5465,,347,,
ALB,Alborz,2017,1061,19807,122,4,21,2025,all_reported_fulltime,0.524,,391,,
ALB,Alborz,2018,1100,19226,147,6,25,2066,all_reported_fulltime,0.5324,,431,,
ALB,Alborz,2019,1249,23083,164,14,27,1950,all_reported_fulltime,0.6405,,541,,
ALB,Alborz,2020,1440,23677,206,14,27,,,,,607,,
ALB,Alborz,2021,1404,17062,238,16,27,1843,all_reported_fulltime,0.7618,,621,,
ALB,Alborz,2022,989,11531,246,10,19,1785,all_reported_fulltime,0.5541,,579,,
ALB,Alborz,2023,931,8602,248,12,21,,,,,581,,
ALB,Alborz,2024,914,7412,204,7,22,,,,,569,,
ALB,Alborz,2025,1005,4108,241,23,27,,,,,580,,
ARD,Ardabil,2000,20,4,0,0,2,,,,,20,,
ARD,Ardabil,2001,1,13,0,0,0,886,excl_azad(fulltime+hourly)+azad(unspecified),,0.0011,1,0.0017,
ARD,Ardabil,2002,1,40,0,0,0,1083,excl_azad(fulltime+hourly)+azad(unspecified),,0.0009,1,0.0013,
ARD,Ardabil,2003,13,634,3,0,0,1168,excl_azad(fulltime+hourly)+azad(unspecified),,0.0111,13,0.0176,
ARD,Ardabil,2004,13,194,2,0,0,1413,excl_azad(fulltime+hourly)+azad(unspecified),,0.0092,13,0.0132,
ARD,Ardabil,2005,26,934,3,0,0,1735,excl_azad(fulltime+hourly)+azad(unspecified),,0.015,26,0.0234,
ARD,Ardabil,2006,47,1161,4,0,2,,,,,47,,
ARD,Ardabil,2007,94,2785,9,2,1,1610,excl_azad(fulltime+hourly)+azad(unspecified),,0.0584,94,0.1145,
ARD,Ardabil,2008,128,3788,15,0,2,,,,,128,,
ARD,Ardabil,2009,190,5361,27,0,3,,,,,190,,
ARD,Ardabil,2010,232,5162,21,3,0,,,,,232,,
ARD,Ardabil,2011,322,5647,30,3,1,2879,excl_azad(fulltime+hourly)+azad(unspecified),,0.1118,322,0.2274,
ARD,Ardabil,2012,410,5529,32,1,11,4286,excl_azad(fulltime+hourly)+azad(unspecified),,0.0957,410,0.1557,
ARD,Ardabil,2013,483,6227,32,3,4,4982,excl_azad(fulltime+hourly)+azad(unspecified),,0.0969,483,0.1484,
ARD,Ardabil,2014,735,6808,36,9,4,1016,all_reported_fulltime,0.7234,,735,,
ARD,Ardabil,2015,1019,9040,55,16,10,1116,all_reported_fulltime,0.9131,,1019,,
ARD,Ardabil,2016,1283,14958,75,20,11,1184,all_reported_fulltime,1.0836,,1283,,
ARD,Ardabil,2017,1555,19347,109,14,15,1279,all_reported_fulltime,1.2158,,1555,,
ARD,Ardabil,2018,1869,26710,164,25,16,1303,all_reported_fulltime,1.4344,,1869,,
ARD,Ardabil,2019,1895,31104,226,23,26,1326,all_reported_fulltime,1.4291,,1895,,
ARD,Ardabil,2020,2241,39359,422,35,21,,,,,2241,,
ARD,Ardabil,2021,2139,27289,433,37,40,1224,all_reported_fulltime,1.7475,,2139,,
ARD,Ardabil,2022,1275,17954,412,26,10,1079,all_reported_fulltime,1.1816,,1275,,
ARD,Ardabil,2023,1192,14211,390,20,21,,,,,1192,,
ARD,Ardabil,2024,1244,8981,383,29,31,,,,,1244,,
ARD,Ardabil,2025,1334,5785,385,36,22,,,,,1334,,
AZG,West Azerbaijan,2000,36,110,6,0,0,,,,,36,,
AZG,West Azerbaijan,2001,10,51,2,1,0,1411,excl_azad(fulltime+hourly)+azad(unspecified),,0.0071,10,0.0097,
AZG,West Azerbaijan,2002,33,741,10,2,0,1706,excl_azad(fulltime+hourly)+azad(unspecified),,0.0193,33,0.0246,
AZG,West Azerbaijan,2003,44,1233,7,1,0,2384,excl_azad(fulltime+hourly)+azad(unspecified),,0.0185,44,0.0246,
AZG,West Azerbaijan,2004,52,1374,8,1,1,2008,excl_azad(fulltime+hourly)+azad(unspecified),,0.0259,52,0.0372,
AZG,West Azerbaijan,2005,83,1335,8,6,0,2618,excl_azad(fulltime+hourly)+azad(unspecified),,0.0317,83,0.0502,
AZG,West Azerbaijan,2006,145,3982,25,5,0,,,,,145,,
AZG,West Azerbaijan,2007,250,4588,23,2,0,2598,excl_azad(fulltime+hourly)+azad(unspecified),,0.0962,250,0.1703,
AZG,West Azerbaijan,2008,239,4641,26,3,0,,,,,239,,
AZG,West Azerbaijan,2009,343,6087,45,8,2,,,,,343,,
AZG,West Azerbaijan,2010,432,7402,35,8,0,,,,,432,,
AZG,West Azerbaijan,2011,744,11637,63,21,3,5508,excl_azad(fulltime+hourly)+azad(unspecified),,0.1351,744,0.2287,
AZG,West Azerbaijan,2012,905,12789,82,21,18,8749,excl_azad(fulltime+hourly)+azad(unspecified),,0.1034,905,0.1399,
AZG,West Azerbaijan,2013,1107,15420,116,18,19,9055,excl_azad(fulltime+hourly)+azad(unspecified),,0.1223,1107,0.1674,
AZG,West Azerbaijan,2014,1439,15269,97,28,15,1961,all_reported_fulltime,0.7338,,1439,,
AZG,West Azerbaijan,2015,1660,19443,106,33,32,2025,all_reported_fulltime,0.8198,,1660,,
AZG,West Azerbaijan,2016,1812,21401,120,29,10,2194,all_reported_fulltime,0.8259,,1812,,
AZG,West Azerbaijan,2017,2038,26845,197,32,23,2297,all_reported_fulltime,0.8872,,2038,,
AZG,West Azerbaijan,2018,2190,31315,197,48,28,2150,all_reported_fulltime,1.0186,,2190,,
AZG,West Azerbaijan,2019,2400,40089,301,39,23,2296,all_reported_fulltime,1.0453,,2400,,
AZG,West Azerbaijan,2020,2621,46498,427,39,27,,,,,2621,,
AZG,West Azerbaijan,2021,2403,36652,507,50,33,1996,all_reported_fulltime,1.2039,,2403,,
AZG,West Azerbaijan,2022,1704,28813,484,37,32,2040,all_reported_fulltime,0.8353,,1704,,
AZG,West Azerbaijan,2023,1563,20815,482,41,12,,,,,1563,,
AZG,West Azerbaijan,2024,1718,12632,444,47,28,,,,,1718,,
AZG,West Azerbaijan,2025,1869,9897,507,65,32,,,,,1869,,
AZS,East Azerbaijan,2000,139,1544,16,2,1,,,,,122,,
AZS,East Azerbaijan,2001,85,2495,13,0,2,3938,excl_azad(fulltime+hourly)+azad(unspecified),,0.0216,85,0.0327,
AZS,East Azerbaijan,2002,122,3882,26,4,4,4330,excl_azad(fulltime+hourly)+azad(unspecified),,0.0282,121,0.0428,
AZS,East Azerbaijan,2003,179,8901,39,8,0,4748,excl_azad(fulltime+hourly)+azad(unspecified),,0.0377,178,0.061,
AZS,East Azerbaijan,2004,243,7544,68,9,2,5337,excl_azad(fulltime+hourly)+azad(unspecified),,0.0455,242,0.073,
AZS,East Azerbaijan,2005,314,12321,72,7,0,6552,excl_azad(fulltime+hourly)+azad(unspecified),,0.0479,304,0.0737,
AZS,East Azerbaijan,2006,458,15316,101,13,1,,,,,445,,
AZS,East Azerbaijan,2007,825,20524,183,21,1,5613,excl_azad(fulltime+hourly)+azad(unspecified),,0.147,755,0.2733,
AZS,East Azerbaijan,2008,1152,27883,227,20,9,,,,,1003,,
AZS,East Azerbaijan,2009,1266,29238,186,30,15,,,,,1111,,
AZS,East Azerbaijan,2010,1711,38718,259,41,16,,,,,1543,,
AZS,East Azerbaijan,2011,2498,50301,339,59,14,11780,excl_azad(fulltime+hourly)+azad(unspecified),,0.2121,2239,0.4184,
AZS,East Azerbaijan,2012,3082,61730,395,75,32,14389,excl_azad(fulltime+hourly)+azad(unspecified),,0.2142,2748,0.3361,
AZS,East Azerbaijan,2013,3783,72586,433,70,40,14705,excl_azad(fulltime+hourly)+azad(unspecified),,0.2573,3446,0.4146,
AZS,East Azerbaijan,2014,4623,92356,484,97,43,4475,all_reported_fulltime,1.0331,,4220,,
AZS,East Azerbaijan,2015,5281,94251,586,142,61,4655,all_reported_fulltime,1.1345,,4844,,
AZS,East Azerbaijan,2016,6014,109946,660,134,75,4738,all_reported_fulltime,1.2693,,5530,,
AZS,East Azerbaijan,2017,6926,140189,963,134,71,5020,all_reported_fulltime,1.3797,,6359,,
AZS,East Azerbaijan,2018,6964,142368,1121,141,69,5112,all_reported_fulltime,1.3623,,6363,,
AZS,East Azerbaijan,2019,7668,166758,1487,172,101,4989,all_reported_fulltime,1.537,,7108,,
AZS,East Azerbaijan,2020,8532,199055,2180,182,112,,,,,7909,,
AZS,East Azerbaijan,2021,8140,154738,2398,219,125,4447,all_reported_fulltime,1.8304,,7431,,
AZS,East Azerbaijan,2022,5942,111508,2387,166,83,4439,all_reported_fulltime,1.3386,,5562,,
AZS,East Azerbaijan,2023,5459,79798,2165,160,67,,,,,5160,,
AZS,East Azerbaijan,2024,5824,53259,2171,169,84,,,,,5472,,
AZS,East Azerbaijan,2025,6100,26817,2070,210,97,,,,,5620,,
BSH,Bushehr,2000,7,59,0,0,1,,,,,7,,
BSH,Bushehr,2001,7,170,0,0,0,530,excl_azad(fulltime+hourly)+azad(unspecified),,0.0132,7,0.0157,
BSH,Bushehr,2002,5,69,0,0,0,596,excl_azad(fulltime+hourly)+azad(unspecified),,0.0084,5,0.0098,
BSH,Bushehr,2003,20,348,1,0,0,717,excl_azad(fulltime+hourly)+azad(unspecified),,0.0279,20,0.0322,
BSH,Bushehr,2004,24,457,4,0,0,927,excl_azad(fulltime+hourly)+azad(unspecified),,0.0259,24,0.0389,
BSH,Bushehr,2005,30,554,5,0,0,935,excl_azad(fulltime+hourly)+azad(unspecified),,0.0321,30,0.0583,
BSH,Bushehr,2006,40,1202,6,1,0,,,,,40,,
BSH,Bushehr,2007,66,1886,8,0,0,1027,excl_azad(fulltime+hourly)+azad(unspecified),,0.0643,66,0.1646,
BSH,Bushehr,2008,59,1807,11,0,0,,,,,59,,
BSH,Bushehr,2009,96,3729,22,0,0,,,,,96,,
BSH,Bushehr,2010,103,2728,17,0,1,,,,,103,,
BSH,Bushehr,2011,152,3986,20,1,0,1936,excl_azad(fulltime+hourly)+azad(unspecified),,0.0785,152,0.1287,
BSH,Bushehr,2012,180,3971,16,2,1,3020,excl_azad(fulltime+hourly)+azad(unspecified),,0.0596,180,0.0826,
BSH,Bushehr,2013,212,3756,31,3,0,4270,excl_azad(fulltime+hourly)+azad(unspecified),,0.0496,212,0.0726,
BSH,Bushehr,2014,264,3397,26,3,7,778,all_reported_fulltime,0.3393,,264,,
BSH,Bushehr,2015,296,4230,24,5,5,840,all_reported_fulltime,0.3524,,296,,
BSH,Bushehr,2016,361,4136,38,7,1,836,all_reported_fulltime,0.4318,,361,,
BSH,Bushehr,2017,390,6293,43,9,2,896,all_reported_fulltime,0.4353,,390,,
BSH,Bushehr,2018,410,4667,75,13,5,895,all_reported_fulltime,0.4581,,410,,
BSH,Bushehr,2019,430,5237,70,12,6,901,all_reported_fulltime,0.4772,,430,,
BSH,Bushehr,2020,484,8492,120,24,7,,,,,484,,
BSH,Bushehr,2021,499,6654,143,30,8,819,all_reported_fulltime,0.6093,,499,,
BSH,Bushehr,2022,365,8150,178,25,9,764,all_reported_fulltime,0.4777,,365,,
BSH,Bushehr,2023,327,5028,152,24,5,,,,,327,,
BSH,Bushehr,2024,415,4718,204,18,3,,,,,415,,
BSH,Bushehr,2025,428,2209,207,13,5,,,,,428,,
CHB,Chaharmahal and Bakhtiari,2000,9,11,0,0,0,,,,,9,,
CHB,Chaharmahal and Bakhtiari,2001,9,128,2,0,0,726,excl_azad(fulltime+hourly)+azad(unspecified),,0.0124,9,0.0159,
CHB,Chaharmahal and Bakhtiari,2002,3,47,1,0,0,667,excl_azad(fulltime+hourly)+azad(unspecified),,0.0045,3,0.0057,
CHB,Chaharmahal and Bakhtiari,2003,23,76,2,0,0,1017,excl_azad(fulltime+hourly)+azad(unspecified),,0.0226,23,0.0305,
CHB,Chaharmahal and Bakhtiari,2004,51,843,4,1,0,1007,excl_azad(fulltime+hourly)+azad(unspecified),,0.0506,51,0.0723,
CHB,Chaharmahal and Bakhtiari,2005,60,1176,4,1,0,1304,excl_azad(fulltime+hourly)+azad(unspecified),,0.046,60,0.0719,
CHB,Chaharmahal and Bakhtiari,2006,120,1868,10,0,1,,,,,120,,
CHB,Chaharmahal and Bakhtiari,2007,114,1551,13,1,1,1222,excl_azad(fulltime+hourly)+azad(unspecified),,0.0933,114,0.1624,
CHB,Chaharmahal and Bakhtiari,2008,179,2026,24,3,5,,,,,179,,
CHB,Chaharmahal and Bakhtiari,2009,214,4455,37,3,1,,,,,214,,
CHB,Chaharmahal and Bakhtiari,2010,274,5563,45,4,3,,,,,274,,
CHB,Chaharmahal and Bakhtiari,2011,437,7703,46,5,3,2222,excl_azad(fulltime+hourly)+azad(unspecified),,0.1967,437,0.3117,
CHB,Chaharmahal and Bakhtiari,2012,511,6019,34,6,7,2993,excl_azad(fulltime+hourly)+azad(unspecified),,0.1707,511,0.2368,
CHB,Chaharmahal and Bakhtiari,2013,742,9490,38,22,6,3090,excl_azad(fulltime+hourly)+azad(unspecified),,0.2401,742,0.3362,
CHB,Chaharmahal and Bakhtiari,2014,882,13981,63,15,4,838,all_reported_fulltime,1.0525,,882,,
CHB,Chaharmahal and Bakhtiari,2015,1132,14515,78,10,12,1052,all_reported_fulltime,1.076,,1132,,
CHB,Chaharmahal and Bakhtiari,2016,1267,17918,71,20,14,949,all_reported_fulltime,1.3351,,1267,,
CHB,Chaharmahal and Bakhtiari,2017,1307,19758,116,22,12,1002,all_reported_fulltime,1.3044,,1307,,
CHB,Chaharmahal and Bakhtiari,2018,1243,20204,154,18,7,997,all_reported_fulltime,1.2467,,1243,,
CHB,Chaharmahal and Bakhtiari,2019,1384,25173,187,29,12,1016,all_reported_fulltime,1.3622,,1384,,
CHB,Chaharmahal and Bakhtiari,2020,1427,25936,266,29,22,,,,,1427,,
CHB,Chaharmahal and Bakhtiari,2021,1232,19841,225,19,22,1021,all_reported_fulltime,1.2067,,1232,,
CHB,Chaharmahal and Bakhtiari,2022,948,13455,252,19,8,765,all_reported_fulltime,1.2392,,948,,
CHB,Chaharmahal and Bakhtiari,2023,887,10197,245,16,9,,,,,887,,
CHB,Chaharmahal and Bakhtiari,2024,904,6742,274,23,8,,,,,904,,
CHB,Chaharmahal and Bakhtiari,2025,935,5262,254,21,12,,,,,935,,
FRS,Fars,2000,224,3788,18,4,3,,,,,217,,
FRS,Fars,2001,231,4803,26,5,3,4030,excl_azad(fulltime+hourly)+azad(unspecified),,0.0573,231,0.0865,
FRS,Fars,2002,337,8153,27,3,4,4328,excl_azad(fulltime+hourly)+azad(unspecified),,0.0779,336,0.1181,
FRS,Fars,2003,449,13885,46,8,3,5635,excl_azad(fulltime+hourly)+azad(unspecified),,0.0797,449,0.1508,
FRS,Fars,2004,556,13726,49,6,5,5441,excl_azad(fulltime+hourly)+azad(unspecified),,0.1022,556,0.2065,
FRS,Fars,2005,600,14222,75,5,1,6851,excl_azad(fulltime+hourly)+azad(unspecified),,0.0876,599,0.1702,
FRS,Fars,2006,820,20990,110,17,4,,,,,819,,
FRS,Fars,2007,1044,26554,117,24,6,6250,excl_azad(fulltime+hourly)+azad(unspecified),,0.167,1037,0.485,
FRS,Fars,2008,1296,30235,176,15,3,,,,,1279,,
FRS,Fars,2009,1485,34332,170,35,12,,,,,1463,,
FRS,Fars,2010,1858,42807,233,34,20,,,,,1825,,
FRS,Fars,2011,2436,51548,278,55,24,11260,excl_azad(fulltime+hourly)+azad(unspecified),,0.2163,2351,0.4296,
FRS,Fars,2012,2957,56451,322,68,37,15076,excl_azad(fulltime+hourly)+azad(unspecified),,0.1961,2818,0.288,
FRS,Fars,2013,3369,62653,376,71,46,16146,excl_azad(fulltime+hourly)+azad(unspecified),,0.2087,3243,0.316,
FRS,Fars,2014,3994,73524,436,87,51,4380,all_reported_fulltime,0.9119,,3798,,
FRS,Fars,2015,4672,79291,484,96,80,4446,all_reported_fulltime,1.0508,,4432,,
FRS,Fars,2016,5098,103748,636,119,87,4474,all_reported_fulltime,1.1395,,4788,,
FRS,Fars,2017,5408,98781,774,117,91,4261,all_reported_fulltime,1.2692,,5014,,
FRS,Fars,2018,5697,104387,887,123,111,4875,all_reported_fulltime,1.1686,,5278,,
FRS,Fars,2019,6180,112114,1136,154,123,4800,all_reported_fulltime,1.2875,,5713,,
FRS,Fars,2020,6648,132651,1529,144,98,,,,,6170,,
FRS,Fars,2021,6317,104532,1654,128,110,4355,all_reported_fulltime,1.4505,,5844,,
FRS,Fars,2022,5092,75774,1593,106,80,4161,all_reported_fulltime,1.2237,,4863,,
FRS,Fars,2023,4597,58397,1475,101,68,,,,,4357,,
FRS,Fars,2024,4685,39954,1476,121,77,,,,,4456,,
FRS,Fars,2025,5123,20229,1550,156,109,,,,,4754,,
GIL,Gilan,2000,40,117,1,0,2,,,,,30,,
GIL,Gilan,2001,60,587,7,0,0,2077,excl_azad(fulltime+hourly)+azad(unspecified),,0.0289,59,0.0395,
GIL,Gilan,2002,72,1258,8,2,0,2449,excl_azad(fulltime+hourly)+azad(unspecified),,0.0294,70,0.0389,
GIL,Gilan,2003,106,2037,9,3,0,2638,excl_azad(fulltime+hourly)+azad(unspecified),,0.0402,101,0.0556,
GIL,Gilan,2004,121,1621,9,1,1,3203,excl_azad(fulltime+hourly)+azad(unspecified),,0.0378,115,0.054,
GIL,Gilan,2005,135,2831,14,2,0,3523,excl_azad(fulltime+hourly)+azad(unspecified),,0.0383,119,0.0544,
GIL,Gilan,2006,198,5780,33,0,0,,,,,181,,
GIL,Gilan,2007,276,6750,34,5,0,3330,excl_azad(fulltime+hourly)+azad(unspecified),,0.0829,261,0.1442,
GIL,Gilan,2008,333,6478,30,7,0,,,,,310,,
GIL,Gilan,2009,457,9402,42,5,2,,,,,405,,
GIL,Gilan,2010,592,10726,42,7,3,,,,,522,,
GIL,Gilan,2011,930,17938,91,13,6,6196,excl_azad(fulltime+hourly)+azad(unspecified),,0.1501,840,0.2455,
GIL,Gilan,2012,1243,18671,91,30,12,8769,excl_azad(fulltime+hourly)+azad(unspecified),,0.1417,1141,0.1956,
GIL,Gilan,2013,1504,21935,114,19,11,9475,excl_azad(fulltime+hourly)+azad(unspecified),,0.1587,1376,0.224,
GIL,Gilan,2014,1818,22805,138,41,20,2105,all_reported_fulltime,0.8637,,1642,,
GIL,Gilan,2015,2084,25821,179,40,23,2183,all_reported_fulltime,0.9546,,1859,,
GIL,Gilan,2016,2424,29631,207,35,24,2155,all_reported_fulltime,1.1248,,2133,,
GIL,Gilan,2017,2551,33599,280,35,29,2256,all_reported_fulltime,1.1308,,2225,,
GIL,Gilan,2018,2659,37278,310,37,38,2296,all_reported_fulltime,1.1581,,2318,,
GIL,Gilan,2019,2858,40954,361,49,42,2278,all_reported_fulltime,1.2546,,2517,,
GIL,Gilan,2020,2988,43655,451,37,29,,,,,2615,,
GIL,Gilan,2021,2925,39482,526,48,24,2147,all_reported_fulltime,1.3624,,2522,,
GIL,Gilan,2022,2244,30163,612,43,27,2057,all_reported_fulltime,1.0909,,2012,,
GIL,Gilan,2023,2031,20214,561,38,27,,,,,1800,,
GIL,Gilan,2024,2148,15848,555,42,32,,,,,1915,,
GIL,Gilan,2025,2324,9708,584,66,40,,,,,2072,,
GLS,Golestan,2000,12,248,5,0,0,,,,,12,,
GLS,Golestan,2001,9,142,2,0,0,926,excl_azad(fulltime+hourly)+azad(unspecified),,0.0097,9,0.0141,
GLS,Golestan,2002,9,90,0,0,0,1064,excl_azad(fulltime+hourly)+azad(unspecified),,0.0085,9,0.0119,
GLS,Golestan,2003,10,205,5,2,0,1354,excl_azad(fulltime+hourly)+azad(unspecified),,0.0074,10,0.0105,
GLS,Golestan,2004,18,1085,8,0,0,1687,excl_azad(fulltime+hourly)+azad(unspecified),,0.0107,18,0.0155,
GLS,Golestan,2005,35,1318,15,2,0,1669,excl_azad(fulltime+hourly)+azad(unspecified),,0.021,35,0.0365,
GLS,Golestan,2006,56,2135,15,0,0,,,,,56,,
GLS,Golestan,2007,92,4825,39,1,0,2293,excl_azad(fulltime+hourly)+azad(unspecified),,0.0401,92,0.0708,
GLS,Golestan,2008,139,5460,47,1,0,,,,,139,,
GLS,Golestan,2009,225,6859,55,2,0,,,,,225,,
GLS,Golestan,2010,266,5449,54,2,0,,,,,266,,
GLS,Golestan,2011,437,8270,88,5,3,3917,excl_azad(fulltime+hourly)+azad(unspecified),,0.1116,437,0.1789,
GLS,Golestan,2012,657,10840,90,9,1,5983,excl_azad(fulltime+hourly)+azad(unspecified),,0.1098,657,0.1408,
GLS,Golestan,2013,831,11505,114,12,2,6275,excl_azad(fulltime+hourly)+azad(unspecified),,0.1324,831,0.1831,
GLS,Golestan,2014,1140,14680,110,10,6,1280,all_reported_fulltime,0.8906,,1140,,
GLS,Golestan,2015,1333,18505,137,15,12,1652,all_reported_fulltime,0.8069,,1333,,
GLS,Golestan,2016,1400,22730,138,11,12,1441,all_reported_fulltime,0.9715,,1400,,
GLS,Golestan,2017,1648,28625,183,7,9,1521,all_reported_fulltime,1.0835,,1648,,
GLS,Golestan,2018,1683,31256,211,12,12,1524,all_reported_fulltime,1.1043,,1683,,
GLS,Golestan,2019,1858,36903,265,12,14,1538,all_reported_fulltime,1.2081,,1858,,
GLS,Golestan,2020,1872,35584,365,11,20,,,,,1872,,
GLS,Golestan,2021,1701,31255,410,16,21,1396,all_reported_fulltime,1.2185,,1701,,
GLS,Golestan,2022,1138,20249,435,9,13,1341,all_reported_fulltime,0.8486,,1138,,
GLS,Golestan,2023,1062,16043,388,18,18,,,,,1062,,
GLS,Golestan,2024,1130,11290,390,14,15,,,,,1130,,
GLS,Golestan,2025,1157,6865,404,14,24,,,,,1157,,
HMD,Hamadan,2000,61,815,4,0,1,,,,,61,,
HMD,Hamadan,2001,78,1768,4,1,0,1632,excl_azad(fulltime+hourly)+azad(unspecified),,0.0478,78,0.0624,
HMD,Hamadan,2002,69,1468,8,0,0,2117,excl_azad(fulltime+hourly)+azad(unspecified),,0.0326,69,0.0399,
HMD,Hamadan,2003,104,2530,10,0,0,2101,excl_azad(fulltime+hourly)+azad(unspecified),,0.0495,104,0.0656,
HMD,Hamadan,2004,146,5772,19,0,0,2365,excl_azad(fulltime+hourly)+azad(unspecified),,0.0617,146,0.0791,
HMD,Hamadan,2005,213,4406,16,1,0,2378,excl_azad(fulltime+hourly)+azad(unspecified),,0.0896,213,0.1093,
HMD,Hamadan,2006,270,8180,37,4,1,,,,,270,,
HMD,Hamadan,2007,334,8497,34,3,2,2019,excl_azad(fulltime+hourly)+azad(unspecified),,0.1654,334,0.2958,
HMD,Hamadan,2008,359,8760,52,3,1,,,,,359,,
HMD,Hamadan,2009,425,13507,39,7,2,,,,,425,,
HMD,Hamadan,2010,565,13508,57,10,5,,,,,565,,
HMD,Hamadan,2011,785,17987,96,10,4,4161,excl_azad(fulltime+hourly)+azad(unspecified),,0.1887,785,0.3177,
HMD,Hamadan,2012,1101,20809,121,14,8,5998,excl_azad(fulltime+hourly)+azad(unspecified),,0.1836,1101,0.2538,
HMD,Hamadan,2013,1291,19141,113,19,21,6130,excl_azad(fulltime+hourly)+azad(unspecified),,0.2106,1291,0.3,
HMD,Hamadan,2014,1808,27360,147,28,26,1649,all_reported_fulltime,1.0964,,1808,,
HMD,Hamadan,2015,1980,26928,132,27,24,1752,all_reported_fulltime,1.1301,,1980,,
HMD,Hamadan,2016,2198,31176,146,26,26,1578,all_reported_fulltime,1.3929,,2198,,
HMD,Hamadan,2017,2366,27608,194,36,30,1818,all_reported_fulltime,1.3014,,2366,,
HMD,Hamadan,2018,2499,30089,222,24,33,1852,all_reported_fulltime,1.3494,,2499,,
HMD,Hamadan,2019,2437,38593,276,47,41,1834,all_reported_fulltime,1.3288,,2437,,
HMD,Hamadan,2020,2755,38369,353,54,53,,,,,2755,,
HMD,Hamadan,2021,2568,41201,423,53,37,1806,all_reported_fulltime,1.4219,,2568,,
HMD,Hamadan,2022,1959,30002,470,48,22,1738,all_reported_fulltime,1.1272,,1959,,
HMD,Hamadan,2023,1871,20067,443,37,33,,,,,1871,,
HMD,Hamadan,2024,1743,12729,432,32,25,,,,,1743,,
HMD,Hamadan,2025,1809,7745,455,49,27,,,,,1809,,
HRM,Hormozgan,2000,5,6,0,0,0,,,,,5,,
HRM,Hormozgan,2001,0,0,0,0,0,749,excl_azad(fulltime+hourly)+azad(unspecified),,0.0,0,0.0,
HRM,Hormozgan,2002,0,0,0,0,0,861,excl_azad(fulltime+hourly)+azad(unspecified),,0.0,0,0.0,
HRM,Hormozgan,2003,2,65,2,0,0,943,excl_azad(fulltime+hourly)+azad(unspecified),,0.0021,2,0.003,
HRM,Hormozgan,2004,4,164,1,0,0,1095,excl_azad(fulltime+hourly)+azad(unspecified),,0.0037,4,0.0051,
HRM,Hormozgan,2005,17,133,1,0,0,1632,excl_azad(fulltime+hourly)+azad(unspecified),,0.0104,17,0.0148,
HRM,Hormozgan,2006,30,410,2,0,0,,,,,30,,
HRM,Hormozgan,2007,14,198,1,0,0,1457,excl_azad(fulltime+hourly)+azad(unspecified),,0.0096,14,0.019,
HRM,Hormozgan,2008,27,421,2,0,1,,,,,27,,
HRM,Hormozgan,2009,46,593,5,0,0,,,,,46,,
HRM,Hormozgan,2010,32,671,2,0,1,,,,,32,,
HRM,Hormozgan,2011,75,1615,10,0,1,2360,excl_azad(fulltime+hourly)+azad(unspecified),,0.0318,75,0.0595,
HRM,Hormozgan,2012,90,1550,6,0,1,3906,excl_azad(fulltime+hourly)+azad(unspecified),,0.023,90,0.0378,
HRM,Hormozgan,2013,142,2001,12,1,1,5040,excl_azad(fulltime+hourly)+azad(unspecified),,0.0282,142,0.0452,
HRM,Hormozgan,2014,159,2364,7,0,3,820,all_reported_fulltime,0.1939,,159,,
HRM,Hormozgan,2015,241,3151,10,2,6,897,all_reported_fulltime,0.2687,,241,,
HRM,Hormozgan,2016,297,4247,16,2,5,982,all_reported_fulltime,0.3024,,297,,
HRM,Hormozgan,2017,339,5936,30,0,3,1046,all_reported_fulltime,0.3241,,339,,
HRM,Hormozgan,2018,290,5518,36,2,3,992,all_reported_fulltime,0.2923,,290,,
HRM,Hormozgan,2019,304,6870,41,0,3,975,all_reported_fulltime,0.3118,,304,,
HRM,Hormozgan,2020,433,8402,74,2,9,,,,,433,,
HRM,Hormozgan,2021,427,7092,84,3,4,939,all_reported_fulltime,0.4547,,427,,
HRM,Hormozgan,2022,447,4504,108,3,9,909,all_reported_fulltime,0.4917,,447,,
HRM,Hormozgan,2023,443,3516,108,2,6,,,,,443,,
HRM,Hormozgan,2024,449,3258,113,2,7,,,,,449,,
HRM,Hormozgan,2025,497,2621,122,3,4,,,,,497,,
ILM,Ilam,2000,15,18,0,0,0,,,,,15,,
ILM,Ilam,2001,1,11,1,0,0,429,excl_azad(fulltime+hourly)+azad(unspecified),,0.0023,1,0.0032,
ILM,Ilam,2002,1,4,1,0,0,721,excl_azad(fulltime+hourly)+azad(unspecified),,0.0014,1,0.0017,
ILM,Ilam,2003,2,8,0,0,1,885,excl_azad(fulltime+hourly)+azad(unspecified),,0.0023,2,0.0033,
ILM,Ilam,2004,2,6,0,0,0,782,excl_azad(fulltime+hourly)+azad(unspecified),,0.0026,2,0.0034,
ILM,Ilam,2005,19,272,6,0,0,974,excl_azad(fulltime+hourly)+azad(unspecified),,0.0195,19,0.0281,
ILM,Ilam,2006,12,235,3,0,0,,,,,12,,
ILM,Ilam,2007,56,1817,21,1,1,691,excl_azad(fulltime+hourly)+azad(unspecified),,0.081,56,0.1404,
ILM,Ilam,2008,64,2201,24,0,0,,,,,64,,
ILM,Ilam,2009,87,1923,13,0,1,,,,,87,,
ILM,Ilam,2010,128,2511,22,0,1,,,,,128,,
ILM,Ilam,2011,173,3537,23,0,1,1589,excl_azad(fulltime+hourly)+azad(unspecified),,0.1089,173,0.1696,
ILM,Ilam,2012,194,4576,28,4,7,3020,excl_azad(fulltime+hourly)+azad(unspecified),,0.0642,194,0.0828,
ILM,Ilam,2013,383,8006,40,2,10,3333,excl_azad(fulltime+hourly)+azad(unspecified),,0.1149,383,0.1548,
ILM,Ilam,2014,472,7463,49,2,21,648,all_reported_fulltime,0.7284,,472,,
ILM,Ilam,2015,565,10164,41,5,11,642,all_reported_fulltime,0.8801,,565,,
ILM,Ilam,2016,626,9977,38,4,17,672,all_reported_fulltime,0.9315,,626,,
ILM,Ilam,2017,581,11670,55,5,13,716,all_reported_fulltime,0.8115,,581,,
ILM,Ilam,2018,650,12935,76,3,13,697,all_reported_fulltime,0.9326,,650,,
ILM,Ilam,2019,722,18684,91,4,22,757,all_reported_fulltime,0.9538,,722,,
ILM,Ilam,2020,804,15870,162,10,23,,,,,804,,
ILM,Ilam,2021,740,12632,149,17,13,743,all_reported_fulltime,0.996,,740,,
ILM,Ilam,2022,661,10723,149,24,18,719,all_reported_fulltime,0.9193,,661,,
ILM,Ilam,2023,577,7298,147,5,10,,,,,577,,
ILM,Ilam,2024,619,5909,143,6,5,,,,,619,,
ILM,Ilam,2025,726,1979,149,17,15,,,,,726,,
ISF,Isfahan,2000,300,4289,33,6,2,,,,,279,,
ISF,Isfahan,2001,290,3994,23,6,0,6218,excl_azad(fulltime+hourly)+azad(unspecified),,0.0466,289,0.0691,
ISF,Isfahan,2002,357,6598,58,5,0,6779,excl_azad(fulltime+hourly)+azad(unspecified),,0.0527,353,0.0767,
ISF,Isfahan,2003,454,12291,74,6,2,8016,excl_azad(fulltime+hourly)+azad(unspecified),,0.0566,445,0.083,
ISF,Isfahan,2004,539,14866,86,20,4,8625,excl_azad(fulltime+hourly)+azad(unspecified),,0.0625,534,0.0939,
ISF,Isfahan,2005,715,17423,124,12,2,9664,excl_azad(fulltime+hourly)+azad(unspecified),,0.074,705,0.1124,
ISF,Isfahan,2006,1011,28177,169,20,4,,,,,993,,
ISF,Isfahan,2007,1213,36413,172,29,6,9414,excl_azad(fulltime+hourly)+azad(unspecified),,0.1289,1191,0.2147,
ISF,Isfahan,2008,1669,45462,199,39,12,,,,,1631,,
ISF,Isfahan,2009,2143,58186,274,41,11,,,,,2078,,
ISF,Isfahan,2010,3017,62629,363,73,54,,,,,2817,,
ISF,Isfahan,2011,4183,81105,437,109,68,14078,excl_azad(fulltime+hourly)+azad(unspecified),,0.2971,3871,0.4556,
ISF,Isfahan,2012,5581,96534,539,117,104,19335,excl_azad(fulltime+hourly)+azad(unspecified),,0.2886,5125,0.3699,
ISF,Isfahan,2013,6287,108419,678,135,108,20034,excl_azad(fulltime+hourly)+azad(unspecified),,0.3138,5686,0.4007,
ISF,Isfahan,2014,7473,131944,787,192,147,5252,all_reported_fulltime,1.4229,,6748,,
ISF,Isfahan,2015,8090,139195,846,194,147,6482,all_reported_fulltime,1.2481,,7210,,
ISF,Isfahan,2016,8493,155767,950,203,183,5129,all_reported_fulltime,1.6559,,7398,,
ISF,Isfahan,2017,8650,159633,1049,167,150,5583,all_reported_fulltime,1.5493,,7589,,
ISF,Isfahan,2018,8952,160947,1226,190,178,4786,all_reported_fulltime,1.8705,,7739,,
ISF,Isfahan,2019,9332,176497,1646,183,184,5464,all_reported_fulltime,1.7079,,8009,,
ISF,Isfahan,2020,9553,166869,1846,201,224,,,,,8117,,
ISF,Isfahan,2021,9090,151244,2109,216,199,4927,all_reported_fulltime,1.8449,,7688,,
ISF,Isfahan,2022,6806,107635,2086,193,109,4925,all_reported_fulltime,1.3819,,6048,,
ISF,Isfahan,2023,6511,78819,2056,220,118,,,,,5700,,
ISF,Isfahan,2024,6473,52687,2135,183,144,,,,,5536,,
ISF,Isfahan,2025,7073,23380,2160,281,174,,,,,5827,,
KBA,Kohgiluyeh and Boyer-Ahmad,2000,2,1,0,0,0,,,,,2,,
KBA,Kohgiluyeh and Boyer-Ahmad,2001,0,0,0,0,0,629,excl_azad(fulltime+hourly)+azad(unspecified),,0.0,0,0.0,
KBA,Kohgiluyeh and Boyer-Ahmad,2002,2,104,0,0,0,509,excl_azad(fulltime+hourly)+azad(unspecified),,0.0039,2,0.0078,
KBA,Kohgiluyeh and Boyer-Ahmad,2003,5,354,0,0,0,412,excl_azad(fulltime+hourly)+azad(unspecified),,0.0121,5,0.0133,
KBA,Kohgiluyeh and Boyer-Ahmad,2004,9,375,0,0,0,723,excl_azad(fulltime+hourly)+azad(unspecified),,0.0124,9,0.0234,
KBA,Kohgiluyeh and Boyer-Ahmad,2005,32,890,4,0,0,903,excl_azad(fulltime+hourly)+azad(unspecified),,0.0354,32,0.0604,
KBA,Kohgiluyeh and Boyer-Ahmad,2006,51,2167,5,0,0,,,,,51,,
KBA,Kohgiluyeh and Boyer-Ahmad,2007,78,2766,17,0,0,1010,excl_azad(fulltime+hourly)+azad(unspecified),,0.0772,78,0.184,
KBA,Kohgiluyeh and Boyer-Ahmad,2008,76,2140,16,1,0,,,,,76,,
KBA,Kohgiluyeh and Boyer-Ahmad,2009,77,2140,20,2,1,,,,,77,,
KBA,Kohgiluyeh and Boyer-Ahmad,2010,112,3561,19,5,0,,,,,112,,
KBA,Kohgiluyeh and Boyer-Ahmad,2011,191,5531,31,7,3,1901,excl_azad(fulltime+hourly)+azad(unspecified),,0.1005,191,0.2104,
KBA,Kohgiluyeh and Boyer-Ahmad,2012,231,6194,39,1,1,3126,excl_azad(fulltime+hourly)+azad(unspecified),,0.0739,231,0.1015,
KBA,Kohgiluyeh and Boyer-Ahmad,2013,275,8249,38,6,3,3510,excl_azad(fulltime+hourly)+azad(unspecified),,0.0783,275,0.1147,
KBA,Kohgiluyeh and Boyer-Ahmad,2014,321,6994,32,5,6,721,all_reported_fulltime,0.4452,,321,,
KBA,Kohgiluyeh and Boyer-Ahmad,2015,350,10191,63,6,8,758,all_reported_fulltime,0.4617,,350,,
KBA,Kohgiluyeh and Boyer-Ahmad,2016,398,12000,64,5,11,744,all_reported_fulltime,0.5349,,398,,
KBA,Kohgiluyeh and Boyer-Ahmad,2017,374,8743,52,7,6,804,all_reported_fulltime,0.4652,,374,,
KBA,Kohgiluyeh and Boyer-Ahmad,2018,333,7074,47,7,5,821,all_reported_fulltime,0.4056,,333,,
KBA,Kohgiluyeh and Boyer-Ahmad,2019,346,7974,45,5,6,787,all_reported_fulltime,0.4396,,346,,
KBA,Kohgiluyeh and Boyer-Ahmad,2020,425,9798,93,8,7,,,,,425,,
KBA,Kohgiluyeh and Boyer-Ahmad,2021,443,10644,117,9,13,781,all_reported_fulltime,0.5672,,443,,
KBA,Kohgiluyeh and Boyer-Ahmad,2022,336,4257,95,7,3,525,all_reported_fulltime,0.64,,336,,
KBA,Kohgiluyeh and Boyer-Ahmad,2023,283,3457,66,5,4,,,,,283,,
KBA,Kohgiluyeh and Boyer-Ahmad,2024,340,2259,70,4,3,,,,,340,,
KBA,Kohgiluyeh and Boyer-Ahmad,2025,370,938,78,7,8,,,,,370,,
KHJ,South Khorasan,2000,15,590,1,0,0,,,,,15,,
KHJ,South Khorasan,2004,40,479,9,2,0,1358,excl_azad(fulltime+hourly)+azad(unspecified),,0.0295,40,0.0436,
KHJ,South Khorasan,2005,79,831,9,1,2,1384,excl_azad(fulltime+hourly)+azad(unspecified),,0.0571,79,0.0918,
KHJ,South Khorasan,2006,92,1580,12,1,1,,,,,92,,
KHJ,South Khorasan,2007,95,767,9,3,0,1227,excl_azad(fulltime+hourly)+azad(unspecified),,0.0774,95,0.1305,
KHJ,South Khorasan,2008,109,2289,21,1,0,,,,,109,,
KHJ,South Khorasan,2009,186,2660,26,2,0,,,,,186,,
KHJ,South Khorasan,2010,191,2384,24,4,4,,,,,191,,
KHJ,South Khorasan,2011,283,3601,24,8,0,2367,excl_azad(fulltime+hourly)+azad(unspecified),,0.1196,283,0.1688,
KHJ,South Khorasan,2012,413,5897,17,12,4,2380,excl_azad(fulltime+hourly)+azad(unspecified),,0.1735,413,0.2245,
KHJ,South Khorasan,2013,573,6377,35,17,8,3342,excl_azad(fulltime+hourly)+azad(unspecified),,0.1715,573,0.2145,
KHJ,South Khorasan,2014,749,8514,58,24,6,931,all_reported_fulltime,0.8045,,749,,
KHJ,South Khorasan,2015,888,7340,40,21,15,998,all_reported_fulltime,0.8898,,888,,
KHJ,South Khorasan,2016,1036,9850,72,26,20,1021,all_reported_fulltime,1.0147,,1036,,
KHJ,South Khorasan,2017,1116,11612,91,31,14,1117,all_reported_fulltime,0.9991,,1116,,
KHJ,South Khorasan,2018,1258,16793,124,35,25,1100,all_reported_fulltime,1.1436,,1258,,
KHJ,South Khorasan,2019,1303,22338,174,31,27,1109,all_reported_fulltime,1.1749,,1303,,
KHJ,South Khorasan,2020,1618,24942,279,60,27,,,,,1618,,
KHJ,South Khorasan,2021,1517,26556,332,59,21,1080,all_reported_fulltime,1.4046,,1517,,
KHJ,South Khorasan,2022,1077,15136,314,37,20,996,all_reported_fulltime,1.0813,,1077,,
KHJ,South Khorasan,2023,977,10473,291,30,14,,,,,977,,
KHJ,South Khorasan,2024,872,5644,233,25,17,,,,,872,,
KHJ,South Khorasan,2025,1075,3508,273,39,19,,,,,1075,,
KHR,Razavi Khorasan,2000,126,1782,8,3,2,,,,,110,,
KHR,Razavi Khorasan,2004,292,5962,43,5,0,6022,excl_azad(fulltime+hourly)+azad(unspecified),,0.0485,288,0.0703,
KHR,Razavi Khorasan,2005,422,10180,54,10,1,7165,excl_azad(fulltime+hourly)+azad(unspecified),,0.0589,415,0.0872,
KHR,Razavi Khorasan,2006,613,14024,85,19,2,,,,,575,,
KHR,Razavi Khorasan,2007,815,17813,106,20,3,7986,excl_azad(fulltime+hourly)+azad(unspecified),,0.1021,774,0.1611,
KHR,Razavi Khorasan,2008,995,20518,111,21,3,,,,,941,,
KHR,Razavi Khorasan,2009,1369,26669,173,36,10,,,,,1305,,
KHR,Razavi Khorasan,2010,1780,36432,193,50,19,,,,,1662,,
KHR,Razavi Khorasan,2011,2749,47244,288,78,49,12581,excl_azad(fulltime+hourly)+azad(unspecified),,0.2185,2537,0.2882,
KHR,Razavi Khorasan,2012,3184,59887,362,97,50,16127,excl_azad(fulltime+hourly)+azad(unspecified),,0.1974,2973,0.2396,
KHR,Razavi Khorasan,2013,4170,71540,463,111,61,18126,excl_azad(fulltime+hourly)+azad(unspecified),,0.2301,3906,0.2837,
KHR,Razavi Khorasan,2014,5408,84627,604,133,68,4429,all_reported_fulltime,1.221,,5052,,
KHR,Razavi Khorasan,2015,5822,89491,594,126,85,4629,all_reported_fulltime,1.2577,,5431,,
KHR,Razavi Khorasan,2016,6316,105367,709,126,90,4315,all_reported_fulltime,1.4637,,5908,,
KHR,Razavi Khorasan,2017,6765,110035,890,132,69,4778,all_reported_fulltime,1.4159,,6284,,
KHR,Razavi Khorasan,2018,6889,126857,979,152,96,4819,all_reported_fulltime,1.4295,,6490,,
KHR,Razavi Khorasan,2019,7103,121623,1183,147,102,4839,all_reported_fulltime,1.4679,,6644,,
KHR,Razavi Khorasan,2020,7482,115533,1413,149,124,,,,,6990,,
KHR,Razavi Khorasan,2021,7247,109012,1650,158,111,4653,all_reported_fulltime,1.5575,,6674,,
KHR,Razavi Khorasan,2022,5324,84207,1716,153,53,4543,all_reported_fulltime,1.1719,,5034,,
KHR,Razavi Khorasan,2023,4819,58486,1633,121,80,,,,,4511,,
KHR,Razavi Khorasan,2024,4959,39472,1595,129,85,,,,,4608,,
KHR,Razavi Khorasan,2025,5226,19593,1572,162,91,,,,,4826,,
KHS,North Khorasan,2000,0,0,0,0,0,,,,,0,,
KHS,North Khorasan,2004,0,0,0,0,0,676,excl_azad(fulltime+hourly)+azad(unspecified),,0.0,0,0.0,
KHS,North Khorasan,2005,0,0,0,0,0,655,excl_azad(fulltime+hourly)+azad(unspecified),,0.0,0,0.0,
KHS,North Khorasan,2006,0,0,0,0,0,,,,,0,,
KHS,North Khorasan,2007,0,0,0,0,0,867,excl_azad(fulltime+hourly)+azad(unspecified),,0.0,0,0.0,
KHS,North Khorasan,2008,0,0,0,0,0,,,,,0,,
KHS,North Khorasan,2009,0,0,0,0,0,,,,,0,,
KHS,North Khorasan,2010,0,0,0,0,0,,,,,0,,
KHS,North Khorasan,2011,0,0,0,0,0,1656,excl_azad(fulltime+hourly)+azad(unspecified),,0.0,0,0.0,
KHS,North Khorasan,2012,0,0,0,0,0,2520,excl_azad(fulltime+hourly)+azad(unspecified),,0.0,0,0.0,
KHS,North Khorasan,2013,0,0,0,0,0,3158,excl_azad(fulltime+hourly)+azad(unspecified),,0.0,0,0.0,
KHS,North Khorasan,2014,0,0,0,0,0,597,all_reported_fulltime,0.0,,0,,
KHS,North Khorasan,2015,0,0,0,0,0,770,all_reported_fulltime,0.0,,0,,
KHS,North Khorasan,2016,0,0,0,0,0,806,all_reported_fulltime,0.0,,0,,
KHS,North Khorasan,2017,0,0,0,0,0,839,all_reported_fulltime,0.0,,0,,
KHS,North Khorasan,2018,0,0,0,0,0,906,all_reported_fulltime,0.0,,0,,
KHS,North Khorasan,2019,0,0,0,0,0,925,all_reported_fulltime,0.0,,0,,
KHS,North Khorasan,2020,0,0,0,0,0,,,,,0,,
KHS,North Khorasan,2021,0,0,0,0,0,774,all_reported_fulltime,0.0,,0,,
KHS,North Khorasan,2022,0,0,0,0,0,752,all_reported_fulltime,0.0,,0,,
KHS,North Khorasan,2023,0,0,0,0,0,,,,,0,,
KHS,North Khorasan,2024,0,0,0,0,0,,,,,0,,
KHS,North Khorasan,2025,0,0,0,0,0,,,,,0,,
KHZ,Khuzestan,2000,101,451,11,1,3,,,,,94,,
KHZ,Khuzestan,2001,39,414,5,1,0,2721,excl_azad(fulltime+hourly)+azad(unspecified),,0.0143,39,0.0234,
KHZ,Khuzestan,2002,58,1757,11,0,0,3434,excl_azad(fulltime+hourly)+azad(unspecified),,0.0169,58,0.0255,
KHZ,Khuzestan,2003,72,819,8,1,0,4339,excl_azad(fulltime+hourly)+azad(unspecified),,0.0166,72,0.0282,
KHZ,Khuzestan,2004,98,1212,15,4,2,4256,excl_azad(fulltime+hourly)+azad(unspecified),,0.023,98,0.0414,
KHZ,Khuzestan,2005,126,2217,13,0,2,5411,excl_azad(fulltime+hourly)+azad(unspecified),,0.0233,125,0.043,
KHZ,Khuzestan,2006,148,1757,12,1,3,,,,,148,,
KHZ,Khuzestan,2007,295,4043,20,3,1,5593,excl_azad(fulltime+hourly)+azad(unspecified),,0.0527,293,0.1804,
KHZ,Khuzestan,2008,334,6352,32,7,5,,,,,318,,
KHZ,Khuzestan,2009,499,7514,30,7,7,,,,,457,,
KHZ,Khuzestan,2010,700,11352,60,9,1,,,,,643,,
KHZ,Khuzestan,2011,975,13610,64,17,7,8600,excl_azad(fulltime+hourly)+azad(unspecified),,0.1134,905,0.2951,
KHZ,Khuzestan,2012,1386,16041,91,24,18,12892,excl_azad(fulltime+hourly)+azad(unspecified),,0.1075,1307,0.1938,
KHZ,Khuzestan,2013,1771,24500,95,25,18,12840,excl_azad(fulltime+hourly)+azad(unspecified),,0.1379,1676,0.262,
KHZ,Khuzestan,2014,2266,28046,127,36,24,3723,all_reported_fulltime,0.6086,,2123,,
KHZ,Khuzestan,2015,2506,30381,140,41,27,4098,all_reported_fulltime,0.6115,,2308,,
KHZ,Khuzestan,2016,3064,39434,186,46,46,3818,all_reported_fulltime,0.8025,,2695,,
KHZ,Khuzestan,2017,3128,36418,249,41,54,3758,all_reported_fulltime,0.8324,,2714,,
KHZ,Khuzestan,2018,3220,40979,254,48,51,4059,all_reported_fulltime,0.7933,,2781,,
KHZ,Khuzestan,2019,3356,44513,321,51,53,4125,all_reported_fulltime,0.8136,,2840,,
KHZ,Khuzestan,2020,3550,45509,429,80,54,,,,,2953,,
KHZ,Khuzestan,2021,3435,37195,515,71,61,3795,all_reported_fulltime,0.9051,,2887,,
KHZ,Khuzestan,2022,2390,32422,528,53,61,3669,all_reported_fulltime,0.6514,,2104,,
KHZ,Khuzestan,2023,2225,23118,519,34,37,,,,,1997,,
KHZ,Khuzestan,2024,2275,14341,527,38,43,,,,,2006,,
KHZ,Khuzestan,2025,2387,8579,550,67,55,,,,,2047,,
KRD,Kurdistan,2000,4,7,0,0,0,,,,,4,,
KRD,Kurdistan,2001,3,70,0,0,0,834,excl_azad(fulltime+hourly)+azad(unspecified),,0.0036,3,0.0041,
KRD,Kurdistan,2002,6,165,1,0,0,948,excl_azad(fulltime+hourly)+azad(unspecified),,0.0063,6,0.007,
KRD,Kurdistan,2003,13,552,4,0,0,1258,excl_azad(fulltime+hourly)+azad(unspecified),,0.0103,13,0.0131,
KRD,Kurdistan,2004,20,957,4,1,0,1293,excl_azad(fulltime+hourly)+azad(unspecified),,0.0155,20,0.0203,
KRD,Kurdistan,2005,35,1108,4,0,0,1037,excl_azad(fulltime+hourly)+azad(unspecified),,0.0338,35,0.0437,
KRD,Kurdistan,2006,63,2503,6,1,0,,,,,63,,
KRD,Kurdistan,2007,124,3674,18,3,0,1313,excl_azad(fulltime+hourly)+azad(unspecified),,0.0944,124,0.1507,
KRD,Kurdistan,2008,154,3091,19,4,0,,,,,154,,
KRD,Kurdistan,2009,168,3120,23,9,3,,,,,168,,
KRD,Kurdistan,2010,249,6618,44,6,3,,,,,249,,
KRD,Kurdistan,2011,342,6321,44,6,3,2046,excl_azad(fulltime+hourly)+azad(unspecified),,0.1672,342,0.3035,
KRD,Kurdistan,2012,431,7454,58,9,6,3613,excl_azad(fulltime+hourly)+azad(unspecified),,0.1193,431,0.1673,
KRD,Kurdistan,2013,570,12568,61,12,8,3484,excl_azad(fulltime+hourly)+azad(unspecified),,0.1636,570,0.2299,
KRD,Kurdistan,2014,674,12289,67,17,4,1006,all_reported_fulltime,0.67,,674,,
KRD,Kurdistan,2015,931,14185,76,24,8,1115,all_reported_fulltime,0.835,,931,,
KRD,Kurdistan,2016,1086,17273,89,14,8,1108,all_reported_fulltime,0.9801,,1086,,
KRD,Kurdistan,2017,1101,19036,134,17,14,1207,all_reported_fulltime,0.9122,,1101,,
KRD,Kurdistan,2018,1309,33922,192,30,20,1222,all_reported_fulltime,1.0712,,1309,,
KRD,Kurdistan,2019,1459,33179,268,31,33,1248,all_reported_fulltime,1.1691,,1459,,
KRD,Kurdistan,2020,1499,27918,354,48,35,,,,,1499,,
KRD,Kurdistan,2021,1347,24765,344,38,28,1197,all_reported_fulltime,1.1253,,1347,,
KRD,Kurdistan,2022,1084,18765,381,32,28,1109,all_reported_fulltime,0.9775,,1084,,
KRD,Kurdistan,2023,962,12058,359,32,17,,,,,962,,
KRD,Kurdistan,2024,967,8169,343,37,14,,,,,967,,
KRD,Kurdistan,2025,994,5384,370,51,24,,,,,994,,
KRM,Kerman,2000,72,536,9,3,0,,,,,72,,
KRM,Kerman,2001,42,873,6,2,0,2929,excl_azad(fulltime+hourly)+azad(unspecified),,0.0143,42,0.0209,
KRM,Kerman,2002,57,1080,5,1,0,3252,excl_azad(fulltime+hourly)+azad(unspecified),,0.0175,57,0.0246,
KRM,Kerman,2003,94,2053,17,3,0,3779,excl_azad(fulltime+hourly)+azad(unspecified),,0.0249,94,0.0349,
KRM,Kerman,2004,116,2535,14,10,2,3479,excl_azad(fulltime+hourly)+azad(unspecified),,0.0333,116,0.0511,
KRM,Kerman,2005,133,3287,14,4,0,3994,excl_azad(fulltime+hourly)+azad(unspecified),,0.0333,133,0.0508,
KRM,Kerman,2006,200,5150,30,5,0,,,,,200,,
KRM,Kerman,2007,258,6003,32,3,2,3070,excl_azad(fulltime+hourly)+azad(unspecified),,0.084,258,0.1795,
KRM,Kerman,2008,352,10596,43,8,2,,,,,352,,
KRM,Kerman,2009,562,21736,72,29,5,,,,,562,,
KRM,Kerman,2010,649,19517,84,24,5,,,,,649,,
KRM,Kerman,2011,939,19825,110,45,8,6838,excl_azad(fulltime+hourly)+azad(unspecified),,0.1373,939,0.2185,
KRM,Kerman,2012,1214,21111,126,47,10,13057,excl_azad(fulltime+hourly)+azad(unspecified),,0.093,1214,0.1155,
KRM,Kerman,2013,1462,25911,130,68,18,11216,excl_azad(fulltime+hourly)+azad(unspecified),,0.1303,1462,0.1764,
KRM,Kerman,2014,1952,30193,161,77,21,2954,all_reported_fulltime,0.6608,,1952,,
KRM,Kerman,2015,2210,31948,207,82,30,3106,all_reported_fulltime,0.7115,,2210,,
KRM,Kerman,2016,2390,36694,224,82,33,2999,all_reported_fulltime,0.7969,,2390,,
KRM,Kerman,2017,2620,42678,294,93,30,3323,all_reported_fulltime,0.7884,,2620,,
KRM,Kerman,2018,2660,42116,292,93,31,3102,all_reported_fulltime,0.8575,,2660,,
KRM,Kerman,2019,2870,55902,385,100,47,3331,all_reported_fulltime,0.8616,,2870,,
KRM,Kerman,2020,2979,59346,563,132,39,,,,,2979,,
KRM,Kerman,2021,2935,56498,668,101,28,3246,all_reported_fulltime,0.9042,,2935,,
KRM,Kerman,2022,2435,37733,745,96,32,3106,all_reported_fulltime,0.784,,2435,,
KRM,Kerman,2023,2185,26744,648,77,28,,,,,2185,,
KRM,Kerman,2024,2125,17082,656,90,33,,,,,2125,,
KRM,Kerman,2025,2349,9884,722,114,28,,,,,2349,,
KSH,Kermanshah,2000,87,2149,4,0,0,,,,,87,,
KSH,Kermanshah,2001,78,2815,6,0,0,1406,excl_azad(fulltime+hourly)+azad(unspecified),,0.0555,78,0.0648,
KSH,Kermanshah,2002,86,2653,15,0,0,1556,excl_azad(fulltime+hourly)+azad(unspecified),,0.0553,86,0.0637,
KSH,Kermanshah,2003,104,3070,16,1,0,1929,excl_azad(fulltime+hourly)+azad(unspecified),,0.0539,104,0.0643,
KSH,Kermanshah,2004,126,3181,12,0,0,2060,excl_azad(fulltime+hourly)+azad(unspecified),,0.0612,126,0.08,
KSH,Kermanshah,2005,173,4179,18,0,1,2413,excl_azad(fulltime+hourly)+azad(unspecified),,0.0717,173,0.087,
KSH,Kermanshah,2006,185,4920,26,0,0,,,,,185,,
KSH,Kermanshah,2007,273,6285,41,2,2,2181,excl_azad(fulltime+hourly)+azad(unspecified),,0.1252,273,0.1946,
KSH,Kermanshah,2008,273,9064,57,3,2,,,,,273,,
KSH,Kermanshah,2009,401,12004,59,9,2,,,,,401,,
KSH,Kermanshah,2010,508,11555,85,10,5,,,,,508,,
KSH,Kermanshah,2011,760,16927,87,9,5,3349,excl_azad(fulltime+hourly)+azad(unspecified),,0.2269,760,0.3585,
KSH,Kermanshah,2012,1006,20271,110,10,13,5358,excl_azad(fulltime+hourly)+azad(unspecified),,0.1878,1006,0.2491,
KSH,Kermanshah,2013,1204,20958,108,7,19,5504,excl_azad(fulltime+hourly)+azad(unspecified),,0.2188,1204,0.3105,
KSH,Kermanshah,2014,1357,20978,138,13,19,1390,all_reported_fulltime,0.9763,,1357,,
KSH,Kermanshah,2015,1787,23361,167,26,19,1458,all_reported_fulltime,1.2257,,1787,,
KSH,Kermanshah,2016,1811,28992,166,16,21,1455,all_reported_fulltime,1.2447,,1811,,
KSH,Kermanshah,2017,2120,35548,248,15,21,1657,all_reported_fulltime,1.2794,,2120,,
KSH,Kermanshah,2018,2536,58593,367,23,33,1748,all_reported_fulltime,1.4508,,2536,,
KSH,Kermanshah,2019,2822,56140,512,34,39,1738,all_reported_fulltime,1.6237,,2822,,
KSH,Kermanshah,2020,2928,69737,661,28,38,,,,,2928,,
KSH,Kermanshah,2021,2689,47487,673,30,44,1610,all_reported_fulltime,1.6702,,2689,,
KSH,Kermanshah,2022,1923,32277,579,28,23,1579,all_reported_fulltime,1.2179,,1923,,
KSH,Kermanshah,2023,1713,21900,499,19,34,,,,,1713,,
KSH,Kermanshah,2024,1797,15388,540,18,31,,,,,1797,,
KSH,Kermanshah,2025,1923,8957,570,34,34,,,,,1923,,
LRS,Lorestan,2000,22,48,2,0,0,,,,,22,,
LRS,Lorestan,2001,2,23,0,0,0,1100,excl_azad(fulltime+hourly)+azad(unspecified),,0.0018,2,0.0029,
LRS,Lorestan,2002,3,27,0,0,1,1237,excl_azad(fulltime+hourly)+azad(unspecified),,0.0024,3,0.0037,
LRS,Lorestan,2003,9,169,1,0,0,1789,excl_azad(fulltime+hourly)+azad(unspecified),,0.005,9,0.0086,
LRS,Lorestan,2004,13,184,0,0,1,1702,excl_azad(fulltime+hourly)+azad(unspecified),,0.0076,13,0.0148,
LRS,Lorestan,2005,35,890,2,0,0,1671,excl_azad(fulltime+hourly)+azad(unspecified),,0.0209,35,0.0426,
LRS,Lorestan,2006,46,1374,11,0,0,,,,,46,,
LRS,Lorestan,2007,79,1531,12,0,1,2119,excl_azad(fulltime+hourly)+azad(unspecified),,0.0373,79,0.0922,
LRS,Lorestan,2008,86,1926,20,0,0,,,,,86,,
LRS,Lorestan,2009,122,2859,19,0,0,,,,,122,,
LRS,Lorestan,2010,140,3150,12,2,1,,,,,140,,
LRS,Lorestan,2011,264,3249,15,4,5,4405,excl_azad(fulltime+hourly)+azad(unspecified),,0.0599,264,0.1032,
LRS,Lorestan,2012,223,3336,12,2,1,4836,excl_azad(fulltime+hourly)+azad(unspecified),,0.0461,223,0.0729,
LRS,Lorestan,2013,286,4391,14,6,3,5898,excl_azad(fulltime+hourly)+azad(unspecified),,0.0485,286,0.0745,
LRS,Lorestan,2014,379,8787,35,6,5,1299,all_reported_fulltime,0.2918,,379,,
LRS,Lorestan,2015,611,12128,35,5,8,1215,all_reported_fulltime,0.5029,,611,,
LRS,Lorestan,2016,737,13426,55,8,13,1297,all_reported_fulltime,0.5682,,737,,
LRS,Lorestan,2017,863,16022,92,17,19,1431,all_reported_fulltime,0.6031,,863,,
LRS,Lorestan,2018,909,18450,140,25,12,1392,all_reported_fulltime,0.653,,909,,
LRS,Lorestan,2019,1055,23841,178,19,18,1418,all_reported_fulltime,0.744,,1055,,
LRS,Lorestan,2020,1145,21075,229,19,19,,,,,1145,,
LRS,Lorestan,2021,1098,17033,257,24,16,1391,all_reported_fulltime,0.7894,,1098,,
LRS,Lorestan,2022,919,11768,238,25,16,1353,all_reported_fulltime,0.6792,,919,,
LRS,Lorestan,2023,903,9943,295,17,21,,,,,903,,
LRS,Lorestan,2024,939,8494,358,21,10,,,,,939,,
LRS,Lorestan,2025,1000,5074,361,27,21,,,,,1000,,
MRK,Markazi,2000,22,69,1,1,0,,,,,12,,
MRK,Markazi,2001,8,100,2,0,0,2013,excl_azad(fulltime+hourly)+azad(unspecified),,0.004,8,0.0088,
MRK,Markazi,2002,18,204,3,0,0,2228,excl_azad(fulltime+hourly)+azad(unspecified),,0.0081,16,0.0156,
MRK,Markazi,2003,45,535,13,0,0,2613,excl_azad(fulltime+hourly)+azad(unspecified),,0.0172,36,0.0301,
MRK,Markazi,2004,58,1492,17,0,0,3562,excl_azad(fulltime+hourly)+azad(unspecified),,0.0163,45,0.0293,
MRK,Markazi,2005,62,1580,12,2,0,4381,excl_azad(fulltime+hourly)+azad(unspecified),,0.0142,42,0.0251,
MRK,Markazi,2006,76,2802,16,1,0,,,,,53,,
MRK,Markazi,2007,139,2382,18,0,0,3798,excl_azad(fulltime+hourly)+azad(unspecified),,0.0366,85,0.0942,
MRK,Markazi,2008,151,2972,19,1,0,,,,,95,,
MRK,Markazi,2009,248,5559,27,9,2,,,,,173,,
MRK,Markazi,2010,373,6416,52,4,2,,,,,265,,
MRK,Markazi,2011,558,7470,47,11,7,6068,excl_azad(fulltime+hourly)+azad(unspecified),,0.092,398,0.1564,
MRK,Markazi,2012,700,11115,57,14,8,6974,excl_azad(fulltime+hourly)+azad(unspecified),,0.1004,478,0.1333,
MRK,Markazi,2013,868,13532,65,15,10,7663,excl_azad(fulltime+hourly)+azad(unspecified),,0.1133,627,0.1443,
MRK,Markazi,2014,1037,14264,76,14,12,1924,all_reported_fulltime,0.539,,810,,
MRK,Markazi,2015,1149,28763,86,15,12,1733,all_reported_fulltime,0.663,,839,,
MRK,Markazi,2016,1279,25743,92,14,23,1728,all_reported_fulltime,0.7402,,887,,
MRK,Markazi,2017,1347,20566,123,18,20,1821,all_reported_fulltime,0.7397,,900,,
MRK,Markazi,2018,1446,20674,140,22,27,1817,all_reported_fulltime,0.7958,,1008,,
MRK,Markazi,2019,1591,28853,184,19,37,1860,all_reported_fulltime,0.8554,,1150,,
MRK,Markazi,2020,1770,29241,266,28,46,,,,,1293,,
MRK,Markazi,2021,1571,23979,252,20,30,1636,all_reported_fulltime,0.9603,,1150,,
MRK,Markazi,2022,1217,16236,284,17,24,1608,all_reported_fulltime,0.7568,,961,,
MRK,Markazi,2023,1077,10045,238,29,18,,,,,871,,
MRK,Markazi,2024,1095,9105,243,23,19,,,,,874,,
MRK,Markazi,2025,1288,5551,332,52,23,,,,,1084,,
MZN,Mazandaran,2000,29,218,2,0,0,,,,,29,,
MZN,Mazandaran,2001,44,551,4,0,0,3714,excl_azad(fulltime+hourly)+azad(unspecified),,0.0118,44,0.0174,
MZN,Mazandaran,2002,72,1454,6,0,0,3600,excl_azad(fulltime+hourly)+azad(unspecified),,0.02,72,0.0296,
MZN,Mazandaran,2003,85,2007,8,0,0,4749,excl_azad(fulltime+hourly)+azad(unspecified),,0.0179,85,0.0287,
MZN,Mazandaran,2004,129,1996,12,0,0,5213,excl_azad(fulltime+hourly)+azad(unspecified),,0.0247,129,0.0371,
MZN,Mazandaran,2005,245,7274,28,2,1,6257,excl_azad(fulltime+hourly)+azad(unspecified),,0.0392,245,0.0533,
MZN,Mazandaran,2006,335,10134,28,0,0,,,,,335,,
MZN,Mazandaran,2007,427,10698,45,6,0,6808,excl_azad(fulltime+hourly)+azad(unspecified),,0.0627,427,0.1005,
MZN,Mazandaran,2008,530,12158,52,4,1,,,,,530,,
MZN,Mazandaran,2009,733,17761,66,8,0,,,,,733,,
MZN,Mazandaran,2010,904,20538,128,25,7,,,,,904,,
MZN,Mazandaran,2011,1259,25055,136,24,4,13041,excl_azad(fulltime+hourly)+azad(unspecified),,0.0965,1259,0.1413,
MZN,Mazandaran,2012,1616,31907,153,16,14,14897,excl_azad(fulltime+hourly)+azad(unspecified),,0.1085,1616,0.1546,
MZN,Mazandaran,2013,2079,45630,206,27,19,16844,excl_azad(fulltime+hourly)+azad(unspecified),,0.1234,2079,0.1748,
MZN,Mazandaran,2014,2699,51890,220,27,24,3874,all_reported_fulltime,0.6967,,2699,,
MZN,Mazandaran,2015,3281,61081,302,30,36,3759,all_reported_fulltime,0.8728,,3281,,
MZN,Mazandaran,2016,3747,60051,330,21,33,4010,all_reported_fulltime,0.9344,,3747,,
MZN,Mazandaran,2017,3912,68066,414,35,28,4262,all_reported_fulltime,0.9179,,3912,,
MZN,Mazandaran,2018,4140,77260,501,32,34,4241,all_reported_fulltime,0.9762,,4140,,
MZN,Mazandaran,2019,4486,80230,673,47,42,4178,all_reported_fulltime,1.0737,,4486,,
MZN,Mazandaran,2020,4676,86584,775,45,62,,,,,4676,,
MZN,Mazandaran,2021,4303,65119,858,36,46,3900,all_reported_fulltime,1.1033,,4303,,
MZN,Mazandaran,2022,3112,46062,754,57,35,3705,all_reported_fulltime,0.8399,,3112,,
MZN,Mazandaran,2023,2960,34656,765,39,47,,,,,2960,,
MZN,Mazandaran,2024,3076,24041,854,51,47,,,,,3076,,
MZN,Mazandaran,2025,3303,13258,849,69,51,,,,,3303,,
QOM,Qom,2000,21,1,0,2,2,,,,,21,,
QOM,Qom,2001,6,0,0,0,0,1011,excl_azad(fulltime+hourly)+azad(unspecified),,0.0059,6,0.0077,
QOM,Qom,2002,13,1,0,0,3,1018,excl_azad(fulltime+hourly)+azad(unspecified),,0.0128,13,0.0165,
QOM,Qom,2003,5,13,0,1,0,1163,excl_azad(fulltime+hourly)+azad(unspecified),,0.0043,5,0.0065,
QOM,Qom,2004,19,128,2,0,2,1498,excl_azad(fulltime+hourly)+azad(unspecified),,0.0127,19,0.0182,
QOM,Qom,2005,13,20,0,0,1,1386,excl_azad(fulltime+hourly)+azad(unspecified),,0.0094,13,0.014,
QOM,Qom,2006,28,215,0,0,7,,,,,28,,
QOM,Qom,2007,53,331,4,0,5,1285,excl_azad(fulltime+hourly)+azad(unspecified),,0.0412,53,0.0558,
QOM,Qom,2008,71,702,7,0,2,,,,,71,,
QOM,Qom,2009,88,890,2,2,5,,,,,88,,
QOM,Qom,2010,146,1430,5,4,6,,,,,146,,
QOM,Qom,2011,233,1644,14,7,6,2812,excl_azad(fulltime+hourly)+azad(unspecified),,0.0829,233,0.0983,
QOM,Qom,2012,301,1953,12,7,11,3610,excl_azad(fulltime+hourly)+azad(unspecified),,0.0834,301,0.0996,
QOM,Qom,2013,408,4132,12,5,12,4254,excl_azad(fulltime+hourly)+azad(unspecified),,0.0959,408,0.1122,
QOM,Qom,2014,513,6226,35,8,17,1152,all_reported_fulltime,0.4453,,513,,
QOM,Qom,2015,767,10795,58,13,23,1167,all_reported_fulltime,0.6572,,767,,
QOM,Qom,2016,885,18308,67,16,37,1328,all_reported_fulltime,0.6664,,885,,
QOM,Qom,2017,1011,17675,64,18,30,1503,all_reported_fulltime,0.6727,,1011,,
QOM,Qom,2018,998,10671,95,19,37,1531,all_reported_fulltime,0.6519,,998,,
QOM,Qom,2019,1233,16605,103,26,54,1484,all_reported_fulltime,0.8309,,1233,,
QOM,Qom,2020,1388,16617,141,29,56,,,,,1388,,
QOM,Qom,2021,1211,13175,167,26,36,1466,all_reported_fulltime,0.8261,,1211,,
QOM,Qom,2022,732,7789,152,23,20,1583,all_reported_fulltime,0.4624,,732,,
QOM,Qom,2023,644,5774,122,22,21,,,,,644,,
QOM,Qom,2024,770,4822,150,23,18,,,,,770,,
QOM,Qom,2025,956,3602,164,45,33,,,,,956,,
QZV,Qazvin,2000,13,2,0,0,0,,,,,7,,
QZV,Qazvin,2001,8,46,1,1,0,1561,excl_azad(fulltime+hourly)+azad(unspecified),,0.0051,8,0.0065,
QZV,Qazvin,2002,12,363,1,1,0,1721,excl_azad(fulltime+hourly)+azad(unspecified),,0.007,12,0.0091,
QZV,Qazvin,2003,25,879,3,1,0,2025,excl_azad(fulltime+hourly)+azad(unspecified),,0.0123,25,0.0175,
QZV,Qazvin,2004,50,950,3,0,0,2096,excl_azad(fulltime+hourly)+azad(unspecified),,0.0239,47,0.0297,
QZV,Qazvin,2005,62,3196,7,4,0,2826,excl_azad(fulltime+hourly)+azad(unspecified),,0.0219,60,0.0316,
QZV,Qazvin,2006,63,2721,6,5,0,,,,,62,,
QZV,Qazvin,2007,101,2702,13,1,0,3264,excl_azad(fulltime+hourly)+azad(unspecified),,0.0309,95,0.0572,
QZV,Qazvin,2008,132,3607,20,5,0,,,,,115,,
QZV,Qazvin,2009,213,6270,20,12,1,,,,,144,,
QZV,Qazvin,2010,323,5510,20,12,1,,,,,231,,
QZV,Qazvin,2011,527,7263,48,23,4,5258,excl_azad(fulltime+hourly)+azad(unspecified),,0.1002,368,0.1095,
QZV,Qazvin,2012,813,11798,55,37,14,6862,excl_azad(fulltime+hourly)+azad(unspecified),,0.1185,586,0.1268,
QZV,Qazvin,2013,841,11351,78,26,8,7400,excl_azad(fulltime+hourly)+azad(unspecified),,0.1136,567,0.1146,
QZV,Qazvin,2014,1033,15551,95,36,11,1605,all_reported_fulltime,0.6436,,701,,
QZV,Qazvin,2015,1169,15609,109,43,11,1538,all_reported_fulltime,0.7601,,835,,
QZV,Qazvin,2016,1438,22042,142,52,23,1806,all_reported_fulltime,0.7962,,996,,
QZV,Qazvin,2017,1576,20806,152,47,21,1605,all_reported_fulltime,0.9819,,1105,,
QZV,Qazvin,2018,1792,23169,201,50,15,1582,all_reported_fulltime,1.1327,,1346,,
QZV,Qazvin,2019,2078,32237,293,53,23,1730,all_reported_fulltime,1.2012,,1541,,
QZV,Qazvin,2020,2239,39564,318,65,37,,,,,1659,,
QZV,Qazvin,2021,2161,27662,375,59,26,1374,all_reported_fulltime,1.5728,,1619,,
QZV,Qazvin,2022,1321,16375,366,49,23,1282,all_reported_fulltime,1.0304,,1056,,
QZV,Qazvin,2023,1116,13118,343,34,23,,,,,893,,
QZV,Qazvin,2024,1157,7995,307,33,28,,,,,897,,
QZV,Qazvin,2025,1251,3606,339,46,21,,,,,966,,
SBL,Sistan and Baluchestan,2000,47,204,2,1,2,,,,,47,,
SBL,Sistan and Baluchestan,2001,21,491,1,0,0,1617,excl_azad(fulltime+hourly)+azad(unspecified),,0.013,21,0.0157,
SBL,Sistan and Baluchestan,2002,32,490,6,0,0,1752,excl_azad(fulltime+hourly)+azad(unspecified),,0.0183,32,0.0222,
SBL,Sistan and Baluchestan,2003,56,1088,13,2,0,2101,excl_azad(fulltime+hourly)+azad(unspecified),,0.0267,56,0.0329,
SBL,Sistan and Baluchestan,2004,79,929,8,2,1,2408,excl_azad(fulltime+hourly)+azad(unspecified),,0.0328,79,0.0411,
SBL,Sistan and Baluchestan,2005,100,2190,15,1,0,2355,excl_azad(fulltime+hourly)+azad(unspecified),,0.0425,100,0.0519,
SBL,Sistan and Baluchestan,2006,141,2891,24,4,1,,,,,141,,
SBL,Sistan and Baluchestan,2007,180,4370,22,5,0,2143,excl_azad(fulltime+hourly)+azad(unspecified),,0.084,180,0.131,
SBL,Sistan and Baluchestan,2008,235,5418,31,1,0,,,,,235,,
SBL,Sistan and Baluchestan,2009,347,8829,57,6,1,,,,,347,,
SBL,Sistan and Baluchestan,2010,450,8388,62,4,2,,,,,450,,
SBL,Sistan and Baluchestan,2011,616,10083,69,7,4,3216,excl_azad(fulltime+hourly)+azad(unspecified),,0.1915,616,0.2954,
SBL,Sistan and Baluchestan,2012,826,11889,74,24,16,4075,excl_azad(fulltime+hourly)+azad(unspecified),,0.2027,826,0.2881,
SBL,Sistan and Baluchestan,2013,993,13852,74,15,14,4940,excl_azad(fulltime+hourly)+azad(unspecified),,0.201,993,0.2736,
SBL,Sistan and Baluchestan,2014,1336,15592,110,26,21,1851,all_reported_fulltime,0.7218,,1336,,
SBL,Sistan and Baluchestan,2015,1600,17592,108,30,33,1975,all_reported_fulltime,0.8101,,1600,,
SBL,Sistan and Baluchestan,2016,1943,19813,137,27,32,1986,all_reported_fulltime,0.9783,,1943,,
SBL,Sistan and Baluchestan,2017,1954,32652,180,38,27,2069,all_reported_fulltime,0.9444,,1954,,
SBL,Sistan and Baluchestan,2018,1995,23468,221,29,16,2124,all_reported_fulltime,0.9393,,1995,,
SBL,Sistan and Baluchestan,2019,2184,25656,279,42,35,2057,all_reported_fulltime,1.0617,,2184,,
SBL,Sistan and Baluchestan,2020,2269,29466,401,40,31,,,,,2269,,
SBL,Sistan and Baluchestan,2021,2061,27334,392,42,33,2014,all_reported_fulltime,1.0233,,2061,,
SBL,Sistan and Baluchestan,2022,1324,19556,390,24,16,1956,all_reported_fulltime,0.6769,,1324,,
SBL,Sistan and Baluchestan,2023,1193,15435,363,23,17,,,,,1193,,
SBL,Sistan and Baluchestan,2024,1295,10184,406,25,29,,,,,1295,,
SBL,Sistan and Baluchestan,2025,1391,7044,378,23,25,,,,,1391,,
SMN,Semnan,2000,18,63,2,0,0,,,,,18,,
SMN,Semnan,2001,8,936,2,0,0,1674,excl_azad(fulltime+hourly)+azad(unspecified),,0.0048,8,0.0071,
SMN,Semnan,2002,13,165,3,1,0,1699,excl_azad(fulltime+hourly)+azad(unspecified),,0.0077,13,0.0112,
SMN,Semnan,2003,21,848,4,0,4,2193,excl_azad(fulltime+hourly)+azad(unspecified),,0.0096,21,0.0148,
SMN,Semnan,2004,38,1008,8,0,0,2497,excl_azad(fulltime+hourly)+azad(unspecified),,0.0152,38,0.0233,
SMN,Semnan,2005,49,1360,13,3,0,2653,excl_azad(fulltime+hourly)+azad(unspecified),,0.0185,49,0.0296,
SMN,Semnan,2006,95,2969,19,5,0,,,,,95,,
SMN,Semnan,2007,137,3948,21,6,0,3025,excl_azad(fulltime+hourly)+azad(unspecified),,0.0453,137,0.0893,
SMN,Semnan,2008,184,5076,21,9,0,,,,,184,,
SMN,Semnan,2009,381,10407,43,15,6,,,,,381,,
SMN,Semnan,2010,448,11451,63,24,1,,,,,448,,
SMN,Semnan,2011,671,13777,98,41,6,4933,excl_azad(fulltime+hourly)+azad(unspecified),,0.136,671,0.2083,
SMN,Semnan,2012,1000,20770,134,38,6,5376,excl_azad(fulltime+hourly)+azad(unspecified),,0.186,1000,0.2581,
SMN,Semnan,2013,1136,19547,138,45,7,6188,excl_azad(fulltime+hourly)+azad(unspecified),,0.1836,1136,0.2491,
SMN,Semnan,2014,1440,27333,153,60,17,2047,all_reported_fulltime,0.7035,,1440,,
SMN,Semnan,2015,1733,28743,173,66,12,2173,all_reported_fulltime,0.7975,,1733,,
SMN,Semnan,2016,2112,30273,227,83,11,2040,all_reported_fulltime,1.0353,,2112,,
SMN,Semnan,2017,2434,41578,287,87,27,2200,all_reported_fulltime,1.1064,,2434,,
SMN,Semnan,2018,2799,46744,429,108,23,2208,all_reported_fulltime,1.2677,,2799,,
SMN,Semnan,2019,3131,51761,541,130,19,2237,all_reported_fulltime,1.3996,,3131,,
SMN,Semnan,2020,3138,56170,685,102,30,,,,,3138,,
SMN,Semnan,2021,2837,43379,638,121,23,2060,all_reported_fulltime,1.3772,,2837,,
SMN,Semnan,2022,1892,31734,613,94,12,1963,all_reported_fulltime,0.9638,,1892,,
SMN,Semnan,2023,1840,24582,583,68,15,,,,,1840,,
SMN,Semnan,2024,1820,18054,592,78,12,,,,,1820,,
SMN,Semnan,2025,1896,9837,575,105,19,,,,,1896,,
THR,Tehran,2000,1449,19161,181,26,26,,,,,1246,,
THR,Tehran,2001,1208,28409,211,32,8,25598,excl_azad(fulltime+hourly)+azad(unspecified),,0.0472,1187,0.0665,ALB
THR,Tehran,2002,1600,41288,298,52,7,24918,excl_azad(fulltime+hourly)+azad(unspecified),,0.0642,1565,0.0886,ALB
THR,Tehran,2003,2446,70704,401,48,12,30899,excl_azad(fulltime+hourly)+azad(unspecified),,0.0792,2391,0.1137,ALB
THR,Tehran,2004,3233,78636,473,85,35,32031,excl_azad(fulltime+hourly)+azad(unspecified),,0.1009,3123,0.135,ALB
THR,Tehran,2005,4359,116570,626,96,27,32927,excl_azad(fulltime+hourly)+azad(unspecified),,0.1324,4186,0.1874,ALB
THR,Tehran,2006,5943,170179,854,172,34,,,,,5726,,ALB
THR,Tehran,2007,7979,205959,1045,189,45,29922,excl_azad(fulltime+hourly)+azad(unspecified),,0.2667,7674,0.4503,ALB
THR,Tehran,2008,10268,251337,1330,306,71,,,,,9689,,ALB
THR,Tehran,2009,13087,326083,1664,363,114,,,,,12088,,ALB
THR,Tehran,2010,16490,376383,2038,432,141,,,,,14924,,ALB
THR,Tehran,2011,22710,436343,2599,632,234,40059,excl_azad(fulltime+hourly)+azad(unspecified),,0.5669,20096,0.8166,
THR,Tehran,2012,28015,535309,3133,777,361,49873,excl_azad(fulltime+hourly)+azad(unspecified),,0.5617,24367,0.7257,
THR,Tehran,2013,32071,530216,3643,817,397,50582,excl_azad(fulltime+hourly)+azad(unspecified),,0.634,28078,0.8673,
THR,Tehran,2014,37023,609765,4174,956,530,18297,all_reported_fulltime,2.0234,,32390,,
THR,Tehran,2015,41317,622910,4563,1115,544,18767,all_reported_fulltime,2.2016,,36375,,
THR,Tehran,2016,45445,711059,5198,1130,719,20028,all_reported_fulltime,2.2691,,39752,,
THR,Tehran,2017,48755,752684,5982,1084,774,21043,all_reported_fulltime,2.3169,,42676,,
THR,Tehran,2018,50875,787240,6781,1212,837,21355,all_reported_fulltime,2.3823,,44481,,
THR,Tehran,2019,55139,825187,8120,1265,978,21613,all_reported_fulltime,2.5512,,47906,,
THR,Tehran,2020,60351,933985,10566,1427,1193,,,,,51754,,
THR,Tehran,2021,55801,750123,11465,1397,1071,19723,all_reported_fulltime,2.8292,,47628,,
THR,Tehran,2022,37026,564665,11277,1198,689,19750,all_reported_fulltime,1.8747,,32695,,
THR,Tehran,2023,33450,405281,10363,1064,606,,,,,29508,,
THR,Tehran,2024,34695,277908,10616,1141,697,,,,,30095,,
THR,Tehran,2025,37624,122084,10506,1388,930,,,,,32283,,
YZD,Yazd,2000,33,207,3,0,1,,,,,33,,
YZD,Yazd,2001,17,258,3,1,0,1791,excl_azad(fulltime+hourly)+azad(unspecified),,0.0095,17,0.0142,
YZD,Yazd,2002,28,452,2,0,0,1934,excl_azad(fulltime+hourly)+azad(unspecified),,0.0145,28,0.021,
YZD,Yazd,2003,49,814,1,4,1,2347,excl_azad(fulltime+hourly)+azad(unspecified),,0.0209,49,0.0334,
YZD,Yazd,2004,75,1746,10,5,1,2761,excl_azad(fulltime+hourly)+azad(unspecified),,0.0272,75,0.0408,
YZD,Yazd,2005,82,2347,8,2,0,2727,excl_azad(fulltime+hourly)+azad(unspecified),,0.0301,82,0.0585,
YZD,Yazd,2006,135,2961,15,6,0,,,,,135,,
YZD,Yazd,2007,234,4314,26,7,2,3190,excl_azad(fulltime+hourly)+azad(unspecified),,0.0734,234,0.1281,
YZD,Yazd,2008,278,6881,33,10,5,,,,,278,,
YZD,Yazd,2009,368,9576,58,16,4,,,,,368,,
YZD,Yazd,2010,420,9371,58,14,3,,,,,420,,
YZD,Yazd,2011,633,9557,64,18,5,4730,excl_azad(fulltime+hourly)+azad(unspecified),,0.1338,633,0.201,
YZD,Yazd,2012,888,10896,73,39,16,7120,excl_azad(fulltime+hourly)+azad(unspecified),,0.1247,888,0.1593,
YZD,Yazd,2013,1255,15493,95,40,8,6205,excl_azad(fulltime+hourly)+azad(unspecified),,0.2023,1255,0.2664,
YZD,Yazd,2014,1545,17409,89,51,13,1627,all_reported_fulltime,0.9496,,1545,,
YZD,Yazd,2015,1792,18251,100,68,21,1633,all_reported_fulltime,1.0974,,1792,,
YZD,Yazd,2016,2164,21684,122,77,31,1676,all_reported_fulltime,1.2912,,2164,,
YZD,Yazd,2017,2181,22781,183,76,25,1793,all_reported_fulltime,1.2164,,2181,,
YZD,Yazd,2018,2177,23089,215,54,29,1791,all_reported_fulltime,1.2155,,2177,,
YZD,Yazd,2019,2395,29313,303,69,30,1836,all_reported_fulltime,1.3045,,2395,,
YZD,Yazd,2020,2661,35286,417,90,33,,,,,2661,,
YZD,Yazd,2021,2395,29343,510,89,38,1743,all_reported_fulltime,1.3741,,2395,,
YZD,Yazd,2022,1712,22713,450,58,31,1697,all_reported_fulltime,1.0088,,1712,,
YZD,Yazd,2023,1496,14864,375,56,38,,,,,1496,,
YZD,Yazd,2024,1655,10169,419,44,34,,,,,1655,,
YZD,Yazd,2025,1715,5041,336,75,49,,,,,1715,,
ZNJ,Zanjan,2000,61,1564,23,1,0,,,,,61,,
ZNJ,Zanjan,2001,66,1578,16,1,0,1103,excl_azad(fulltime+hourly)+azad(unspecified),,0.0598,66,0.0994,
ZNJ,Zanjan,2002,87,1065,26,0,0,1219,excl_azad(fulltime+hourly)+azad(unspecified),,0.0714,87,0.1146,
ZNJ,Zanjan,2003,105,2493,26,0,0,1681,excl_azad(fulltime+hourly)+azad(unspecified),,0.0625,105,0.0993,
ZNJ,Zanjan,2004,117,3057,22,1,0,1712,excl_azad(fulltime+hourly)+azad(unspecified),,0.0683,117,0.1199,
ZNJ,Zanjan,2005,132,3535,50,5,0,2088,excl_azad(fulltime+hourly)+azad(unspecified),,0.0632,132,0.1062,
ZNJ,Zanjan,2006,173,4571,52,8,1,,,,,173,,
ZNJ,Zanjan,2007,250,8011,69,9,0,2082,excl_azad(fulltime+hourly)+azad(unspecified),,0.1201,250,0.2747,
ZNJ,Zanjan,2008,275,8451,56,8,2,,,,,275,,
ZNJ,Zanjan,2009,307,7490,57,6,1,,,,,307,,
ZNJ,Zanjan,2010,412,9915,85,13,0,,,,,412,,
ZNJ,Zanjan,2011,538,10103,83,13,3,3454,excl_azad(fulltime+hourly)+azad(unspecified),,0.1558,538,0.2826,
ZNJ,Zanjan,2012,734,13068,130,18,7,5191,excl_azad(fulltime+hourly)+azad(unspecified),,0.1414,734,0.2105,
ZNJ,Zanjan,2013,806,13951,139,14,10,5553,excl_azad(fulltime+hourly)+azad(unspecified),,0.1451,806,0.2272,
ZNJ,Zanjan,2014,1004,14984,151,27,14,1546,all_reported_fulltime,0.6494,,1004,,
ZNJ,Zanjan,2015,1207,20398,167,42,9,1499,all_reported_fulltime,0.8052,,1207,,
ZNJ,Zanjan,2016,1505,23056,248,38,9,1466,all_reported_fulltime,1.0266,,1505,,
ZNJ,Zanjan,2017,1704,27339,255,48,10,1558,all_reported_fulltime,1.0937,,1704,,
ZNJ,Zanjan,2018,1768,28237,287,51,20,1569,all_reported_fulltime,1.1268,,1768,,
ZNJ,Zanjan,2019,1795,30409,363,51,13,1616,all_reported_fulltime,1.1108,,1795,,
ZNJ,Zanjan,2020,1960,32217,438,49,19,,,,,1960,,
ZNJ,Zanjan,2021,1869,29596,505,46,22,1503,all_reported_fulltime,1.2435,,1869,,
ZNJ,Zanjan,2022,1458,21448,542,41,17,1438,all_reported_fulltime,1.0139,,1458,,
ZNJ,Zanjan,2023,1261,19251,500,43,9,,,,,1261,,
ZNJ,Zanjan,2024,1336,11437,472,32,18,,,,,1336,,
ZNJ,Zanjan,2025,1464,7602,510,50,18,,,,,1464,,
KHO,Khorasan (undivided; KHR+KHS+KHJ),2001,85,1346,11,2,0,5982,excl_azad(fulltime+hourly)+azad(unspecified),,0.0142,85,0.0194,KHR+KHS+KHJ
KHO,Khorasan (undivided; KHR+KHS+KHJ),2002,152,2615,19,2,1,6953,excl_azad(fulltime+hourly)+azad(unspecified),,0.0219,149,0.0297,KHR+KHS+KHJ
KHO,Khorasan (undivided; KHR+KHS+KHJ),2003,238,4755,32,3,2,7315,excl_azad(fulltime+hourly)+azad(unspecified),,0.0325,235,0.0501,KHR+KHS+KHJ
